品牌,基本参数_级别,基本参数_能源类型,基本参数_上市时间,基本参数_车身结构,基本参数_厂商指导价(元),基本参数_整车质保,基本参数_变速箱,基本参数_发动机,车身_车身结构,发动机_燃油标号
现代,紧凑型车,汽油,2023-08-25,4门5座三厢车,9.98万,三年或10万公里,CVT无级变速,1.5L 115马力 L4,三厢车,92号
现代,紧凑型车,汽油,2023-08-25,4门5座三厢车,11.28万,三年或10万公里,CVT无级变速,1.5L 115马力 L4,三厢车,92号
现代,紧凑型车,汽油,2023-08-25,4门5座三厢车,12.38万,三年或10万公里,CVT无级变速,1.5L 115马力 L4,三厢车,92号
现代,紧凑型车,汽油,2023-08-25,4门5座三厢车,13.38万,三年或10万公里,CVT无级变速,1.5L 115马力 L4,三厢车,92号
现代,紧凑型车,汽油,2023-10-21,4门5座三厢车,12.98万,三年或10万公里,7挡干式双离合,1.4T 140马力 L4,三厢车,92号
现代,紧凑型车,汽油,2023-10-21,4门5座三厢车,13.98万,三年或10万公里,7挡干式双离合,1.4T 140马力 L4,三厢车,92号
现代,紧凑型车,汽油,2023-10-21,4门5座三厢车,14.98万,三年或10万公里,7挡干式双离合,1.4T 140马力 L4,三厢车,92号
比亚迪,紧凑型SUV,插电式混合动力,2024-09-23,5门5座SUV,11.28万,六年或15万公里,E-CVT无级变速,1.5L 101马力 L4,SUV,92号
比亚迪,紧凑型SUV,插电式混合动力,2024-09-23,5门5座SUV,12.28万,六年或15万公里,E-CVT无级变速,1.5L 101马力 L4,SUV,92号
比亚迪,紧凑型SUV,插电式混合动力,2024-09-23,5门5座SUV,13.28万,六年或15万公里,E-CVT无级变速,1.5L 101马力 L4,SUV,92号
比亚迪,紧凑型SUV,插电式混合动力,2024-09-23,5门5座SUV,14.28万,六年或15万公里,E-CVT无级变速,1.5L 101马力 L4,SUV,92号
比亚迪,紧凑型SUV,插电式混合动力,2025-02-10,5门5座SUV,10.28万,六年或15万公里,E-CVT无级变速,1.5L 101马力 L4,SUV,92号
比亚迪,紧凑型SUV,插电式混合动力,2025-02-10,5门5座SUV,11.28万,六年或15万公里,E-CVT无级变速,1.5L 101马力 L4,SUV,92号
比亚迪,紧凑型SUV,插电式混合动力,2025-02-10,5门5座SUV,12.28万,六年或15万公里,E-CVT无级变速,1.5L 101马力 L4,SUV,92号
比亚迪,紧凑型SUV,插电式混合动力,2025-02-10,5门5座SUV,13.28万,六年或15万公里,E-CVT无级变速,1.5L 101马力 L4,SUV,92号
阿维塔,中型车,增程式,2025-04-19,4门5座三厢车,20.99万,五年或12万公里,电动车单速变速箱,增程器 156马力,三厢车,92号
阿维塔,中型车,增程式,2025-11-03,4门5座三厢车,21.99万,五年或12万公里,电动车单速变速箱,增程器 156马力,三厢车,92号
阿维塔,中型车,增程式,2025-04-19,4门5座三厢车,23.99万,五年或12万公里,电动车单速变速箱,增程器 156马力,三厢车,92号
阿维塔,中型车,增程式,2025-08-29,4门5座三厢车,26.99万,五年或12万公里,电动车单速变速箱,增程器 156马力,三厢车,92号
阿维塔,中型车,纯电动,2025-04-19,4门5座三厢车,21.99万,五年或12万公里,电动车单速变速箱,纯电动,三厢车,-
阿维塔,中型车,纯电动,2025-11-03,4门5座三厢车,22.99万,五年或12万公里,电动车单速变速箱,纯电动,三厢车,-
阿维塔,中型车,纯电动,2025-04-19,4门5座三厢车,24.99万,五年或12万公里,电动车单速变速箱,纯电动,三厢车,-
阿维塔,中型车,纯电动,2025-04-19,4门5座三厢车,27.99万,五年或12万公里,电动车单速变速箱,纯电动,三厢车,-
红旗,中大型SUV,纯电动,2025-04-01,5门5座SUV,21.59万,四年或10万公里,,,SUV,
红旗,中大型SUV,纯电动,2025-01-07,5门5座SUV,23.98万,四年或10万公里,,,SUV,
红旗,中大型SUV,纯电动,2025-04-24,5门5座SUV,24.98万,四年或10万公里,,,SUV,
红旗,中大型SUV,纯电动,2025-04-24,5门5座SUV,30.98万,四年或10万公里,,,SUV,
红旗,中大型SUV,纯电动,2025-04-01,5门5座SUV,24.59万,四年或10万公里,,,SUV,
红旗,中大型SUV,纯电动,2025-04-24,5门5座SUV,27.98万,四年或10万公里,,,SUV,
红旗,中大型SUV,纯电动,2025-04-24,5门5座SUV,33.98万,四年或10万公里,,,SUV,
红旗,中大型SUV,纯电动,2025-01-07,5门5座SUV,24.98万,四年或10万公里,,,SUV,
红旗,中大型SUV,纯电动,2025-01-07,5门5座SUV,27.98万,四年或10万公里,,,SUV,
红旗,中大型SUV,纯电动,2025-01-07,5门5座SUV,30.98万,四年或10万公里,,,SUV,
红旗,中大型SUV,纯电动,2025-01-07,5门5座SUV,33.98万,四年或10万公里,,,SUV,
合创汽车,中型SUV,纯电动,2021-05-06,5门5座SUV,25.98万,五年不限公里,,,SUV,
合创汽车,中型SUV,纯电动,2021-05-06,5门5座SUV,29.98万,五年不限公里,,,SUV,
奇瑞风云,紧凑型SUV,纯电动,2026-01-26,5门5座SUV,12.99万,三年或10万公里,,,SUV,
奇瑞风云,紧凑型SUV,纯电动,2025-08-16,5门5座SUV,8.99万,三年或10万公里,,,SUV,
奇瑞风云,紧凑型SUV,纯电动,2025-10-01,5门5座SUV,9.99万,三年或10万公里,,,SUV,
奇瑞风云,紧凑型SUV,纯电动,2025-08-16,5门5座SUV,10.99万,三年或10万公里,,,SUV,
捷途,紧凑型SUV,汽油,2026-03-11,5门5座SUV,12.79万,四年或10万公里,7挡湿式双离合,1.5T 184马力 L4,SUV,92号
捷途,紧凑型SUV,汽油,2026-03-11,5门5座SUV,13.79万,四年或10万公里,7挡湿式双离合,1.5T 184马力 L4,SUV,92号
捷途,紧凑型SUV,汽油,2025-03-07,5门5座SUV,12.49万,四年或10万公里,7挡湿式双离合,1.5T 184马力 L4,SUV,92号
捷途,紧凑型SUV,汽油,2025-07-15,5门5座SUV,13.29万,四年或10万公里,7挡湿式双离合,1.5T 184马力 L4,SUV,92号
捷途,紧凑型SUV,汽油,2025-03-07,5门5座SUV,13.49万,四年或10万公里,7挡湿式双离合,1.5T 184马力 L4,SUV,92号
捷途,紧凑型SUV,汽油,2025-12-01,5门5座SUV,13.79万,四年或10万公里,7挡湿式双离合,1.5T 184马力 L4,SUV,92号
捷途,紧凑型SUV,汽油,2025-03-07,5门5座SUV,13.89万,四年或10万公里,7挡湿式双离合,1.5T 184马力 L4,SUV,92号
捷途,紧凑型SUV,汽油,2025-03-07,5门5座SUV,14.49万,四年或10万公里,8挡手自一体,2.0T 254马力 L4,SUV,92号
捷途,紧凑型SUV,汽油,2025-06-23,5门5座SUV,14.49万,四年或10万公里,8挡手自一体,2.0T 254马力 L4,SUV,92号
捷途,紧凑型SUV,汽油,2025-03-07,5门5座SUV,15.49万,四年或10万公里,8挡手自一体,2.0T 254马力 L4,SUV,92号
深蓝汽车,大型SUV,增程式,2026-03-24,5门6座SUV,25.99万,五年或10万公里,电动车单速变速箱,增程器 150马力,SUV,92号
深蓝汽车,大型SUV,增程式,2025-09-08,5门6座SUV,23.99万,五年或10万公里,电动车单速变速箱,增程器 150马力,SUV,92号
深蓝汽车,大型SUV,增程式,2025-04-23,5门6座SUV,25.99万,五年或10万公里,电动车单速变速箱,增程器 150马力,SUV,92号
深蓝汽车,大型SUV,增程式,2025-04-23,5门6座SUV,27.99万,五年或10万公里,电动车单速变速箱,增程器 150马力,SUV,92号
深蓝汽车,大型SUV,增程式,2025-09-08,5门6座SUV,27.99万,五年或10万公里,电动车单速变速箱,增程器 150马力,SUV,92号
深蓝汽车,大型SUV,增程式,2025-04-23,5门6座SUV,30.99万,五年或10万公里,电动车单速变速箱,增程器 150马力,SUV,92号
深蓝汽车,大型SUV,增程式,2025-09-08,5门6座SUV,30.99万,五年或10万公里,电动车单速变速箱,增程器 150马力,SUV,92号
吉利银河,紧凑型SUV,插电式混合动力,2025-02-14,5门5座SUV,11.58万,四年或10万公里,1挡DHT,1.5L 112马力 L4,SUV,92号
吉利银河,紧凑型SUV,插电式混合动力,2025-02-14,5门5座SUV,12.58万,四年或10万公里,1挡DHT,1.5L 112马力 L4,SUV,92号
吉利银河,紧凑型SUV,插电式混合动力,2025-02-14,5门5座SUV,13.58万,四年或10万公里,1挡DHT,1.5L 112马力 L4,SUV,92号
吉利银河,紧凑型SUV,插电式混合动力,2025-02-14,5门5座SUV,14.88万,四年或10万公里,3挡DHT,1.5T 163马力 L4,SUV,92号
深蓝汽车,紧凑型SUV,增程式,2025-09-30,5门5座SUV,12.99万,三年或12万公里,电动车单速变速箱,1.5L 98马力 L4,SUV,92号
深蓝汽车,紧凑型SUV,纯电动,2025-08-29,5门5座SUV,11.99万,三年或12万公里,电动车单速变速箱,-,SUV,-
深蓝汽车,紧凑型SUV,纯电动,2025-08-29,5门5座SUV,12.99万,三年或12万公里,电动车单速变速箱,-,SUV,-
深蓝汽车,紧凑型SUV,纯电动,2025-08-29,5门5座SUV,13.99万,三年或12万公里,电动车单速变速箱,-,SUV,-
深蓝汽车,紧凑型SUV,纯电动,2025-08-01,5门5座SUV,12.99万,三年或12万公里,电动车单速变速箱,-,SUV,-
深蓝汽车,紧凑型SUV,纯电动,2025-08-01,5门5座SUV,13.99万,三年或12万公里,电动车单速变速箱,-,SUV,-
深蓝汽车,紧凑型SUV,纯电动,2025-08-01,5门5座SUV,14.99万,三年或12万公里,电动车单速变速箱,-,SUV,-
深蓝汽车,紧凑型SUV,增程式,2024-10-20,5门5座SUV,13.59万,三年或12万公里,电动车单速变速箱,1.5L 98马力 L4,SUV,92号
深蓝汽车,紧凑型SUV,增程式,2024-10-20,5门5座SUV,14.59万,三年或12万公里,电动车单速变速箱,1.5L 98马力 L4,SUV,92号
深蓝汽车,紧凑型SUV,纯电动,2024-10-20,5门5座SUV,12.59万,三年或12万公里,电动车单速变速箱,-,SUV,-
深蓝汽车,紧凑型SUV,纯电动,2024-10-20,5门5座SUV,13.59万,三年或12万公里,电动车单速变速箱,-,SUV,-
深蓝汽车,紧凑型SUV,纯电动,2024-10-20,5门5座SUV,14.59万,三年或12万公里,电动车单速变速箱,-,SUV,-
宝马,中型SUV,纯电动,-,5门5座SUV,-,-,,,SUV,
宝马,中型SUV,纯电动,-,5门5座SUV,-,-,,,SUV,
吉利汽车,紧凑型SUV,汽油,2026-03-09,5门5座SUV,13.97万,五年或15万公里,7挡湿式双离合,2.0T 218马力 L4,SUV,92号
吉利汽车,紧凑型SUV,汽油,2026-03-09,5门5座SUV,14.77万,五年或15万公里,7挡湿式双离合,2.0T 218马力 L4,SUV,92号
吉利汽车,紧凑型SUV,汽油,2025-09-23,5门5座SUV,15.87万,五年或15万公里,8挡手自一体,2.0T 272马力 L4,SUV,95号
吉利汽车,紧凑型SUV,汽油,2025-09-23,5门5座SUV,16.87万,五年或15万公里,8挡手自一体,2.0T 272马力 L4,SUV,95号
吉利汽车,紧凑型SUV,汽油,2025-09-23,5门5座SUV,17.97万,五年或15万公里,8挡手自一体,2.0T 272马力 L4,SUV,95号
吉利汽车,紧凑型SUV,汽油,2025-03-20,5门5座SUV,16.37万,五年或15万公里,8挡手自一体,2.0T 238马力 L4,SUV,95号
吉利汽车,紧凑型SUV,汽油,2024-10-27,5门5座SUV,16.97万,五年或15万公里,8挡手自一体,2.0T 238马力 L4,SUV,95号
吉利汽车,紧凑型SUV,汽油,2024-10-27,5门5座SUV,17.97万,五年或15万公里,8挡手自一体,2.0T 238马力 L4,SUV,95号
吉利汽车,紧凑型SUV,汽油,2025-03-20,5门5座SUV,15.67万,五年或15万公里,8挡手自一体,2.0T 238马力 L4,SUV,95号
吉利汽车,紧凑型SUV,油电混合,2024-03-08,5门5座SUV,15.97万,五年或15万公里,3挡DHT,1.5T 163马力 L4,SUV,92号
吉利汽车,紧凑型SUV,油电混合,2023-12-03,5门5座SUV,16.77万,五年或15万公里,3挡DHT,1.5T 163马力 L4,SUV,92号
吉利汽车,紧凑型SUV,油电混合,2023-12-03,5门5座SUV,17.77万,五年或15万公里,3挡DHT,1.5T 163马力 L4,SUV,92号
吉利汽车,紧凑型SUV,汽油,2024-03-06,5门5座SUV,14.77万,五年或15万公里,7挡湿式双离合,2.0T 218马力 L4,SUV,95号
吉利汽车,紧凑型SUV,汽油,2023-09-17,5门5座SUV,15.77万,五年或15万公里,8挡手自一体,2.0T 238马力 L4,SUV,95号
吉利汽车,紧凑型SUV,汽油,2023-09-17,5门5座SUV,16.87万,五年或15万公里,8挡手自一体,2.0T 238马力 L4,SUV,95号
吉利汽车,紧凑型SUV,油电混合,-,5门5座SUV,14.87万,五年或15万公里,1挡DHT,1.5T 163马力 L4,SUV,92号
吉利汽车,紧凑型SUV,油电混合,-,5门5座SUV,15.67万,五年或15万公里,1挡DHT,1.5T 163马力 L4,SUV,92号
吉利汽车,紧凑型SUV,油电混合,-,5门5座SUV,16.27万,五年或15万公里,1挡DHT,1.5T 163马力 L4,SUV,92号
荣威,中型SUV,汽油,2023-03-02,5门6座SUV,17.58万,-,9挡自动,2.0T 242马力 L4,SUV,92号
荣威,中型SUV,汽油,2023-03-02,5门6座SUV,18.98万,-,9挡自动,2.0T 242马力 L4,SUV,92号
荣威,中型SUV,汽油,2023-03-02,5门6座SUV,20.98万,-,9挡自动,2.0T 242马力 L4,SUV,92号
荣威,中型SUV,汽油,2023-03-02,5门6座SUV,21.98万,-,9挡自动,2.0T 242马力 L4,SUV,92号
荣威,中型SUV,汽油,2023-03-02,5门6座SUV,24.38万,-,9挡手自一体,2.0T 242马力 L4,SUV,92号
别克,中大型MPV,插电式混合动力,2025-08-26,5门7座MPV,33.99万,三年或10万公里,2挡DHT,1.5T 180马力 L4,MPV,92号
别克,中大型MPV,插电式混合动力,2025-08-26,5门7座MPV,36.99万,三年或10万公里,2挡DHT,1.5T 180马力 L4,MPV,92号
别克,中大型MPV,插电式混合动力,2025-08-26,5门7座MPV,39.99万,三年或10万公里,2挡DHT,1.5T 180马力 L4,MPV,92号
别克,中大型MPV,插电式混合动力,2026-03-29,5门7座MPV,22.99万,三年或10万公里,2挡DHT,1.5T 180马力 L4,MPV,92号
别克,中大型MPV,插电式混合动力,2025-04-22,5门7座MPV,24.99万,三年或10万公里,2挡DHT,1.5T 180马力 L4,MPV,92号
别克,中大型MPV,插电式混合动力,2025-04-22,5门7座MPV,26.99万,三年或10万公里,2挡DHT,1.5T 180马力 L4,MPV,92号
别克,中大型MPV,插电式混合动力,2025-04-22,5门7座MPV,28.99万,三年或10万公里,2挡DHT,1.5T 180马力 L4,MPV,92号
丰田,中大型MPV,油电混合,2025-09-10,5门7座MPV,29.98万,三年或10万公里,E-CVT无级变速,2.5L 189马力 L4,MPV,92号
丰田,中大型MPV,油电混合,2025-09-03,5门7座MPV,32.48万,三年或10万公里,E-CVT无级变速,2.5L 189马力 L4,MPV,92号
丰田,中大型MPV,油电混合,2025-09-03,5门7座MPV,33.58万,三年或10万公里,E-CVT无级变速,2.5L 189马力 L4,MPV,92号
丰田,中大型MPV,油电混合,2025-09-03,5门7座MPV,34.98万,三年或10万公里,E-CVT无级变速,2.5L 189马力 L4,MPV,92号
丰田,中大型MPV,油电混合,2025-09-03,5门7座MPV,35.98万,三年或10万公里,E-CVT无级变速,2.5L 189马力 L4,MPV,92号
丰田,中大型MPV,油电混合,2025-09-03,5门7座MPV,35.98万,三年或10万公里,E-CVT无级变速,2.5L 189马力 L4,MPV,92号
丰田,中大型MPV,油电混合,2025-09-03,5门7座MPV,36.48万,三年或10万公里,E-CVT无级变速,2.5L 189马力 L4,MPV,92号
丰田,中大型MPV,油电混合,2025-09-03,5门7座MPV,36.98万,三年或10万公里,E-CVT无级变速,2.5L 189马力 L4,MPV,92号
丰田,中大型MPV,油电混合,2025-09-03,5门7座MPV,36.98万,三年或10万公里,E-CVT无级变速,2.5L 189马力 L4,MPV,92号
丰田,中大型MPV,油电混合,2025-09-03,5门7座MPV,39.38万,三年或10万公里,E-CVT无级变速,2.5L 189马力 L4,MPV,92号
北京汽车,中型SUV,汽油,2025-07-14,5门5座SUV,11.99万,-,7挡湿式双离合,1.5T 188马力 L4,SUV,92号
北京汽车,中型SUV,汽油,2024-03-26,5门5座SUV,12.99万,-,7挡湿式双离合,1.5T 188马力 L4,SUV,92号
北京汽车,中型SUV,汽油,2024-12-10,5门5座SUV,13.69万,-,7挡湿式双离合,1.5T 188马力 L4,SUV,92号
北京汽车,中型SUV,汽油,2023-04-16,5门5座SUV,11.99万,-,7挡湿式双离合,1.5T 188马力 L4,SUV,92号
北京汽车,中型SUV,汽油,2023-04-16,5门5座SUV,12.99万,-,7挡湿式双离合,1.5T 188马力 L4,SUV,92号
北京汽车,中型SUV,汽油,2023-09-14,5门5座SUV,12.49万,-,7挡湿式双离合,1.5T 188马力 L4,SUV,92号
北京汽车,中型SUV,汽油,2023-04-16,5门5座SUV,13.99万,-,7挡湿式双离合,1.5T 188马力 L4,SUV,92号
吉利银河,中大型车,插电式混合动力,2026-03-30,4门5座三厢车,14.28万,六年或15万公里,1挡DHT,1.5L 112马力 L4,三厢车,92号
吉利银河,中大型车,插电式混合动力,2026-03-30,4门5座三厢车,15.18万,六年或15万公里,1挡DHT,1.5L 112马力 L4,三厢车,92号
吉利银河,中大型车,插电式混合动力,2026-03-30,4门5座三厢车,16.18万,六年或15万公里,1挡DHT,1.5L 112马力 L4,三厢车,92号
吉利银河,中大型车,插电式混合动力,2026-03-30,4门5座三厢车,17.28万,六年或15万公里,3挡DHT,1.5T 163马力 L4,三厢车,92号
吉利银河,中大型车,插电式混合动力,2025-05-09,4门5座三厢车,12.58万,六年或15万公里,1挡DHT,1.5L 112马力 L4,三厢车,92号
吉利银河,中大型车,插电式混合动力,2025-05-09,4门5座三厢车,13.18万,六年或15万公里,1挡DHT,1.5L 112马力 L4,三厢车,92号
吉利银河,中大型车,插电式混合动力,2025-05-09,4门5座三厢车,13.58万,六年或15万公里,1挡DHT,1.5L 112马力 L4,三厢车,92号
吉利银河,中大型车,插电式混合动力,2025-05-09,4门5座三厢车,14.18万,六年或15万公里,1挡DHT,1.5L 112马力 L4,三厢车,92号
吉利银河,中大型车,插电式混合动力,2025-05-09,4门5座三厢车,15.18万,六年或15万公里,1挡DHT,1.5L 112马力 L4,三厢车,92号
吉利银河,中大型车,插电式混合动力,2025-05-09,4门5座三厢车,15.48万,六年或15万公里,3挡DHT,1.5T 163马力 L4,三厢车,92号
吉利银河,中大型车,插电式混合动力,2025-05-09,4门5座三厢车,16.58万,六年或15万公里,3挡DHT,1.5T 163马力 L4,三厢车,92号
欧拉,小型车,纯电动,2025-06-27,5门5座两厢车,8.38万,四年或15万公里,,,两厢车,
欧拉,小型车,纯电动,2025-06-27,5门5座两厢车,9.38万,四年或15万公里,,,两厢车,
欧拉,小型车,纯电动,2025-06-27,5门5座两厢车,10.38万,四年或15万公里,,,两厢车,
奥迪AUDI,中型车,纯电动,2025-09-16,5门5座旅行车,23.59万,三年或10万公里,,,旅行车,
奥迪AUDI,中型车,纯电动,2025-09-16,5门5座旅行车,26.99万,三年或10万公里,,,旅行车,
奥迪AUDI,中型车,纯电动,2025-09-16,5门5座旅行车,26.99万,三年或10万公里,,,旅行车,
奥迪AUDI,中型车,纯电动,2025-11-21,5门5座旅行车,27.99万,三年或10万公里,,,旅行车,
奥迪AUDI,中型车,纯电动,2025-09-16,5门5座旅行车,31.99万,三年或10万公里,,,旅行车,
奥迪,中型SUV,纯电动,2026-04-10,5门5座SUV,33.98万,三年或10万公里,,,SUV,
奥迪,中型SUV,纯电动,2026-04-10,5门5座SUV,27.98万,三年或10万公里,,,SUV,
奥迪,中型SUV,纯电动,2026-04-10,5门5座SUV,39.98万,三年或10万公里,,,SUV,
奥迪,中型SUV,纯电动,2025-08-07,5门5座SUV,36.98万,三年或10万公里,,,SUV,
奥迪,中型SUV,纯电动,2025-08-07,5门5座SUV,39.98万,三年或10万公里,,,SUV,
蔚来,中型SUV,纯电动,2026-04-02,5门5座SUV跨界车,35.80万,三年或12万公里,,,SUV跨界车,
蔚来,中型SUV,纯电动,2026-04-02,5门5座SUV跨界车,37.00万,三年或12万公里,,,SUV跨界车,
岚图汽车,中大型MPV,插电式混合动力,2026-04-11,5门7座MPV,31.59万,五年或10万公里,1挡DHT,1.5T 150马力 L4,MPV,95号
岚图汽车,中大型MPV,插电式混合动力,2025-09-15,5门7座MPV,32.99万,五年或10万公里,1挡DHT,1.5T 150马力 L4,MPV,95号
岚图汽车,中大型MPV,插电式混合动力,2025-09-15,5门7座MPV,35.99万,五年或10万公里,1挡DHT,1.5T 150马力 L4,MPV,95号
岚图汽车,中大型MPV,插电式混合动力,2025-09-15,5门7座MPV,35.99万,五年或10万公里,1挡DHT,1.5T 150马力 L4,MPV,95号
岚图汽车,中大型MPV,插电式混合动力,2025-09-15,5门7座MPV,38.99万,五年或10万公里,1挡DHT,1.5T 150马力 L4,MPV,95号
岚图汽车,中大型MPV,插电式混合动力,2025-09-15,5门7座MPV,42.99万,五年或10万公里,1挡DHT,1.5T 150马力 L4,MPV,95号
岚图汽车,中大型MPV,插电式混合动力,2026-01-13,5门7座MPV,45.99万,五年或10万公里,1挡DHT,1.5T 150马力 L4,MPV,95号
岚图汽车,中大型MPV,插电式混合动力,2025-11-21,5门4座MPV,70.99万,五年或10万公里,1挡DHT,1.5T 150马力 L4,MPV,95号
岚图汽车,中大型MPV,纯电动,2025-09-15,5门7座MPV,36.99万,五年或10万公里,电动车单速变速箱,纯电动,MPV,-
岚图汽车,中大型MPV,纯电动,2025-09-15,5门7座MPV,39.99万,五年或10万公里,电动车单速变速箱,纯电动,MPV,-
岚图汽车,中大型MPV,纯电动,2025-09-15,5门7座MPV,43.99万,五年或10万公里,电动车单速变速箱,纯电动,MPV,-
岚图汽车,中大型MPV,插电式混合动力,2026-03-10,5门7座MPV,30.99万,五年或10万公里,1挡DHT,1.5T 150马力 L4,MPV,95号
岚图汽车,中大型MPV,插电式混合动力,2024-09-19,5门7座MPV,32.99万,五年或10万公里,1挡DHT,1.5T 150马力 L4,MPV,95号
岚图汽车,中大型MPV,插电式混合动力,2025-02-19,5门7座MPV,35.99万,五年或10万公里,1挡DHT,1.5T 150马力 L4,MPV,95号
岚图汽车,中大型MPV,插电式混合动力,2024-09-19,5门7座MPV,35.99万,五年或10万公里,1挡DHT,1.5T 150马力 L4,MPV,95号
岚图汽车,中大型MPV,插电式混合动力,2025-02-19,5门7座MPV,38.99万,五年或10万公里,1挡DHT,1.5T 150马力 L4,MPV,95号
岚图汽车,中大型MPV,插电式混合动力,2024-09-19,5门7座MPV,39.99万,五年或10万公里,1挡DHT,1.5T 150马力 L4,MPV,95号
岚图汽车,中大型MPV,插电式混合动力,2024-09-19,5门7座MPV,42.99万,五年或10万公里,1挡DHT,1.5T 150马力 L4,MPV,95号
岚图汽车,中大型MPV,插电式混合动力,2026-03-24,5门7座MPV,30.99万,五年或10万公里,1挡DHT,1.5T 150马力 L4,MPV,95号
岚图汽车,中大型MPV,纯电动,2024-09-19,5门7座MPV,34.99万,五年或10万公里,电动车单速变速箱,纯电动,MPV,-
岚图汽车,中大型MPV,纯电动,2025-02-19,5门7座MPV,37.99万,五年或10万公里,电动车单速变速箱,纯电动,MPV,-
岚图汽车,中大型MPV,纯电动,2024-09-19,5门7座MPV,37.99万,五年或10万公里,电动车单速变速箱,纯电动,MPV,-
岚图汽车,中大型MPV,纯电动,2025-02-19,5门7座MPV,40.99万,五年或10万公里,电动车单速变速箱,纯电动,MPV,-
岚图汽车,中大型MPV,纯电动,2024-09-19,5门7座MPV,41.99万,五年或10万公里,电动车单速变速箱,纯电动,MPV,-
岚图汽车,中大型MPV,纯电动,2024-09-19,5门7座MPV,44.99万,五年或10万公里,电动车单速变速箱,纯电动,MPV,-
岚图汽车,中大型MPV,插电式混合动力,2023-10-12,5门7座MPV,33.99万,五年或10万公里,1挡DHT,1.5T 150马力 L4,MPV,95号
岚图汽车,中大型MPV,插电式混合动力,2023-10-12,5门7座MPV,36.99万,五年或10万公里,1挡DHT,1.5T 150马力 L4,MPV,95号
岚图汽车,中大型MPV,插电式混合动力,2023-10-12,5门7座MPV,41.99万,五年或10万公里,1挡DHT,1.5T 150马力 L4,MPV,95号
岚图汽车,中大型MPV,插电式混合动力,2024-06-01,5门4座MPV,63.99万,五年或10万公里,1挡DHT,1.5T 150马力 L4,MPV,95号
岚图汽车,中大型MPV,纯电动,2024-03-14,5门7座MPV,33.99万,五年或10万公里,电动车单速变速箱,纯电动,MPV,-
岚图汽车,中大型MPV,纯电动,2023-12-10,5门7座MPV,36.99万,五年或10万公里,电动车单速变速箱,纯电动,MPV,-
岚图汽车,中大型MPV,纯电动,2024-04-10,5门7座MPV,38.99万,五年或10万公里,电动车单速变速箱,纯电动,MPV,-
岚图汽车,中大型MPV,纯电动,2024-03-14,5门7座MPV,41.99万,五年或10万公里,电动车单速变速箱,纯电动,MPV,-
岚图汽车,中大型MPV,纯电动,2023-10-12,5门7座MPV,46.99万,五年或10万公里,电动车单速变速箱,纯电动,MPV,-
丰田,中型SUV,油电混合,2025-10-18,5门7座SUV,28.48万,三年或10万公里,E-CVT无级变速,2.5L 189马力 L4,SUV,92号
丰田,中型SUV,油电混合,2025-10-18,5门7座SUV,29.68万,三年或10万公里,E-CVT无级变速,2.5L 189马力 L4,SUV,92号
丰田,中型SUV,油电混合,2025-10-18,5门7座SUV,30.98万,三年或10万公里,E-CVT无级变速,2.5L 189马力 L4,SUV,92号
丰田,中型SUV,油电混合,2025-10-18,5门7座SUV,33.28万,三年或10万公里,E-CVT无级变速,2.5L 189马力 L4,SUV,92号
丰田,中型SUV,汽油,2025-10-18,5门7座SUV,28.48万,三年或10万公里,8挡手自一体,2.0T 248马力 L4,SUV,95号
丰田,中型SUV,汽油,2025-10-18,5门7座SUV,29.98万,三年或10万公里,8挡手自一体,2.0T 248马力 L4,SUV,95号
别克,中大型MPV,汽油+48V轻混系统,2025-10-12,5门6座MPV,52.99万,三年或10万公里,9挡手自一体,2.0T 237马力 L4,MPV,95号
别克,中大型MPV,汽油+48V轻混系统,2024-11-12,5门7座MPV,46.99万,三年或10万公里,9挡手自一体,2.0T 237马力 L4,MPV,95号
别克,中大型MPV,汽油+48V轻混系统,2024-11-12,5门7座MPV,52.99万,三年或10万公里,9挡手自一体,2.0T 237马力 L4,MPV,95号
别克,中大型MPV,汽油+48V轻混系统,2024-11-12,5门6座MPV,52.99万,三年或10万公里,9挡手自一体,2.0T 237马力 L4,MPV,95号
别克,中大型MPV,汽油+48V轻混系统,2024-11-12,5门4座MPV,68.99万,三年或10万公里,9挡手自一体,2.0T 237马力 L4,MPV,95号
海马,紧凑型MPV,汽油,2023-03-20,5门7座MPV,12.98万,五年或10万公里,6挡手自一体,1.5T 165马力 L4,MPV,92号
海马,紧凑型MPV,汽油,2023-03-20,5门7座MPV,14.38万,五年或10万公里,6挡手自一体,1.6T 195马力 L4,MPV,92号
海马,紧凑型MPV,汽油,2023-03-20,5门7座MPV,15.38万,五年或10万公里,6挡手自一体,1.6T 195马力 L4,MPV,92号
海马,紧凑型MPV,汽油,2023-03-20,5门7座MPV,16.38万,五年或10万公里,6挡手自一体,1.6T 195马力 L4,MPV,92号
奔驰,中大型车,汽油+48V轻混系统,2026-04-03,4门5座三厢车,37.88万,三年不限公里,9挡手自一体,2.0T 204马力 L4,三厢车,95号
奔驰,中大型车,汽油+48V轻混系统,2026-04-03,4门5座三厢车,39.78万,三年不限公里,9挡手自一体,2.0T 204马力 L4,三厢车,95号
奔驰,中大型车,汽油+48V轻混系统,2026-04-03,4门5座三厢车,42.08万,三年不限公里,9挡手自一体,2.0T 204马力 L4,三厢车,95号
奔驰,中大型车,汽油+48V轻混系统,2026-04-03,4门5座三厢车,43.98万,三年不限公里,9挡手自一体,2.0T 258马力 L4,三厢车,95号
奔驰,中大型车,汽油+48V轻混系统,2026-04-03,4门5座三厢车,43.98万,三年不限公里,9挡手自一体,2.0T 258马力 L4,三厢车,95号
奔驰,中大型车,汽油+48V轻混系统,2026-04-03,4门5座三厢车,46.68万,三年不限公里,9挡手自一体,2.0T 258马力 L4,三厢车,95号
奔驰,中大型车,汽油+48V轻混系统,2026-04-03,4门5座三厢车,46.68万,三年不限公里,9挡手自一体,2.0T 258马力 L4,三厢车,95号
奔驰,中大型车,汽油+48V轻混系统,2026-04-03,4门5座三厢车,50.98万,三年不限公里,9挡手自一体,2.0T 258马力 L4,三厢车,95号
奔驰,中大型车,汽油+48V轻混系统,2025-11-07,4门5座三厢车,37.88万,三年不限公里,9挡手自一体,2.0T 204马力 L4,三厢车,95号
奔驰,中大型车,汽油+48V轻混系统,2025-11-07,4门5座三厢车,39.78万,三年不限公里,9挡手自一体,2.0T 204马力 L4,三厢车,95号
奔驰,中大型车,汽油+48V轻混系统,2025-11-07,4门5座三厢车,42.08万,三年不限公里,9挡手自一体,2.0T 204马力 L4,三厢车,95号
奔驰,中大型车,汽油+48V轻混系统,2026-03-04,4门5座三厢车,43.98万,三年不限公里,9挡手自一体,2.0T 258马力 L4,三厢车,95号
奔驰,中大型车,汽油+48V轻混系统,2026-03-04,4门5座三厢车,43.98万,三年不限公里,9挡手自一体,2.0T 258马力 L4,三厢车,95号
奔驰,中大型车,汽油+48V轻混系统,2025-11-07,4门5座三厢车,46.68万,三年不限公里,9挡手自一体,2.0T 258马力 L4,三厢车,95号
奔驰,中大型车,汽油+48V轻混系统,2025-11-07,4门5座三厢车,46.68万,三年不限公里,9挡手自一体,2.0T 258马力 L4,三厢车,95号
奔驰,中大型车,汽油+48V轻混系统,2025-11-07,4门5座三厢车,59.98万,三年不限公里,9挡手自一体,2.0T 258马力 L4,三厢车,95号
方程豹,中大型SUV,插电式混合动力,2025-10-20,5门5座SUV,37.98万,六年或15万公里,E-CVT无级变速,2.0T 245马力 L4,SUV,92号
方程豹,中大型SUV,插电式混合动力,2024-11-12,5门7座SUV,37.98万,六年或15万公里,E-CVT无级变速,2.0T 245马力 L4,SUV,92号
方程豹,中大型SUV,插电式混合动力,2024-11-12,5门6座SUV,38.78万,六年或15万公里,E-CVT无级变速,2.0T 245马力 L4,SUV,92号
方程豹,中大型SUV,插电式混合动力,2025-10-20,5门5座SUV,39.98万,六年或15万公里,E-CVT无级变速,2.0T 245马力 L4,SUV,92号
方程豹,中大型SUV,插电式混合动力,2024-11-12,5门7座SUV,39.98万,六年或15万公里,E-CVT无级变速,2.0T 245马力 L4,SUV,92号
方程豹,中大型SUV,插电式混合动力,2024-11-12,5门6座SUV,40.78万,六年或15万公里,E-CVT无级变速,2.0T 245马力 L4,SUV,92号
方程豹,中大型SUV,插电式混合动力,2025-03-02,5门7座SUV,39.58万,六年或15万公里,E-CVT无级变速,2.0T 245马力 L4,SUV,92号
方程豹,中大型SUV,插电式混合动力,2025-03-02,5门6座SUV,40.38万,六年或15万公里,E-CVT无级变速,2.0T 245马力 L4,SUV,92号
方程豹,中大型SUV,插电式混合动力,2025-03-02,5门7座SUV,41.58万,六年或15万公里,E-CVT无级变速,2.0T 245马力 L4,SUV,92号
方程豹,中大型SUV,插电式混合动力,2025-03-02,5门6座SUV,42.38万,六年或15万公里,E-CVT无级变速,2.0T 245马力 L4,SUV,92号
方程豹,中大型SUV,插电式混合动力,-,5门5座SUV,-,六年或15万公里,E-CVT无级变速,2.0T 272马力 L4,SUV,92号
大众,中型车,纯电动,2023-12-15,5门5座掀背车,22.7777万,三年或10万公里,,,掀背车,
大众,中型车,纯电动,2023-12-15,5门5座掀背车,23.0777万,三年或10万公里,,,掀背车,
大众,中型车,纯电动,2023-12-15,5门5座掀背车,23.7777万,三年或10万公里,,,掀背车,
大众,中型车,纯电动,2023-12-15,5门5座掀背车,26.2777万,三年或10万公里,,,掀背车,
红旗,紧凑型SUV,汽油,2025-12-05,5门5座SUV,14.98万,四年或10万公里,7挡湿式双离合,1.5T 169马力 L4,SUV,92号
红旗,紧凑型SUV,汽油,2025-12-05,5门5座SUV,15.98万,四年或10万公里,7挡湿式双离合,1.5T 169马力 L4,SUV,92号
红旗,紧凑型SUV,汽油,2024-08-22,5门5座SUV,14.58万,四年或10万公里,7挡湿式双离合,1.5T 169马力 L4,SUV,92号
红旗,紧凑型SUV,汽油,2024-08-22,5门5座SUV,14.98万,四年或10万公里,7挡湿式双离合,1.5T 169马力 L4,SUV,92号
红旗,紧凑型SUV,汽油,2024-08-22,5门5座SUV,15.98万,四年或10万公里,7挡湿式双离合,1.5T 169马力 L4,SUV,92号
红旗,紧凑型SUV,汽油,2024-08-22,5门5座SUV,17.28万,四年或10万公里,8挡手自一体,2.0T 252马力 L4,SUV,95号
蔚来,大型车,纯电动,2024-12-21,4门4座三厢车,76.80万,三年或12万公里,,,三厢车,
蔚来,大型车,纯电动,2024-12-27,4门4座三厢车,78.80万,三年或12万公里,,,三厢车,
蔚来,大型车,纯电动,2025-09-20,4门4座三厢车,81.80万,三年或12万公里,,,三厢车,
零跑汽车,中型SUV,增程式,2025-07-10,5门5座SUV,14.98万,四年或12万公里,电动车单速变速箱,增程器 95马力,SUV,-
零跑汽车,中型SUV,增程式,2025-07-10,5门5座SUV,15.98万,四年或12万公里,电动车单速变速箱,增程器 95马力,SUV,-
零跑汽车,中型SUV,纯电动,2025-07-10,5门5座SUV,14.98万,四年或12万公里,电动车单速变速箱,纯电动,SUV,-
零跑汽车,中型SUV,纯电动,2025-07-10,5门5座SUV,15.58万,四年或12万公里,电动车单速变速箱,纯电动,SUV,-
零跑汽车,中型SUV,纯电动,2025-07-10,5门5座SUV,16.58万,四年或12万公里,电动车单速变速箱,纯电动,SUV,-
比亚迪,中大型车,插电式混合动力,2026-02-06,4门5座三厢车,20.18万,六年或15万公里,E-CVT无级变速,1.5T 156马力 L4,三厢车,92号
比亚迪,中大型车,纯电动,2026-02-06,4门5座三厢车,20.48万,六年或15万公里,电动车单速变速箱,纯电动,三厢车,-
比亚迪,中大型车,插电式混合动力,2025-02-10,4门5座三厢车,16.88万,六年或15万公里,E-CVT无级变速,1.5T 156马力 L4,三厢车,92号
比亚迪,中大型车,插电式混合动力,2025-02-10,4门5座三厢车,17.58万,六年或15万公里,E-CVT无级变速,1.5T 156马力 L4,三厢车,92号
比亚迪,中大型车,插电式混合动力,2025-02-10,4门5座三厢车,18.58万,六年或15万公里,E-CVT无级变速,1.5T 156马力 L4,三厢车,92号
比亚迪,中大型车,插电式混合动力,2025-02-10,4门5座三厢车,19.58万,六年或15万公里,E-CVT无级变速,1.5T 156马力 L4,三厢车,92号
比亚迪,中大型车,插电式混合动力,2025-02-10,4门5座三厢车,22.58万,六年或15万公里,E-CVT无级变速,1.5T 156马力 L4,三厢车,92号
比亚迪,中大型车,插电式混合动力,2025-10-11,4门5座三厢车,16.98万,六年或15万公里,E-CVT无级变速,1.5T 156马力 L4,三厢车,92号
比亚迪,中大型车,插电式混合动力,2025-10-11,4门5座三厢车,17.98万,六年或15万公里,E-CVT无级变速,1.5T 156马力 L4,三厢车,92号
比亚迪,中大型车,插电式混合动力,2025-10-11,4门5座三厢车,18.98万,六年或15万公里,E-CVT无级变速,1.5T 156马力 L4,三厢车,92号
比亚迪,中大型车,插电式混合动力,2025-10-11,4门5座三厢车,19.98万,六年或15万公里,E-CVT无级变速,1.5T 156马力 L4,三厢车,92号
比亚迪,中大型车,插电式混合动力,2025-04-09,4门5座三厢车,19.98万,六年或15万公里,E-CVT无级变速,1.5T 156马力 L4,三厢车,92号
比亚迪,中大型车,纯电动,2025-02-10,4门5座三厢车,17.98万,六年或15万公里,电动车单速变速箱,纯电动,三厢车,-
比亚迪,中大型车,纯电动,2025-02-10,4门5座三厢车,18.98万,六年或15万公里,电动车单速变速箱,纯电动,三厢车,-
比亚迪,中大型车,纯电动,2025-04-09,4门5座三厢车,21.88万,六年或15万公里,电动车单速变速箱,纯电动,三厢车,-
比亚迪,中大型车,纯电动,2025-10-11,4门5座三厢车,18.38万,六年或15万公里,电动车单速变速箱,纯电动,三厢车,-
比亚迪,中大型车,纯电动,2025-10-11,4门5座三厢车,19.58万,六年或15万公里,电动车单速变速箱,纯电动,三厢车,-
比亚迪,中大型车,纯电动,2025-10-11,4门5座三厢车,21.58万,六年或15万公里,电动车单速变速箱,纯电动,三厢车,-
广汽传祺,中大型SUV,插电式混合动力,2025-09-19,5门5座SUV,22.99万,五年或15万公里,1挡DHT,1.5T 160马力 L4,SUV,92号
广汽传祺,中大型SUV,插电式混合动力,2025-09-19,5门6座SUV,23.99万,五年或15万公里,1挡DHT,1.5T 160马力 L4,SUV,92号
广汽传祺,中大型SUV,插电式混合动力,2025-09-19,5门5座SUV,24.99万,五年或15万公里,1挡DHT,1.5T 160马力 L4,SUV,92号
广汽传祺,中大型SUV,插电式混合动力,2025-09-19,5门6座SUV,25.99万,五年或15万公里,1挡DHT,1.5T 160马力 L4,SUV,92号
广汽传祺,中大型SUV,插电式混合动力,2026-03-18,5门6座SUV,30.99万,五年或15万公里,1挡DHT,1.5T 160马力 L4,SUV,92号
大通,中型MPV,汽油,2026-04-02,5门7座MPV,14.98万,五年或10万公里,9挡自动,2.0T 234马力 L4,MPV,92号
大通,中型MPV,汽油,2025-03-06,5门7座MPV,16.98万,五年或10万公里,9挡自动,2.0T 234马力 L4,MPV,92号
别克,中大型MPV,汽油+48V轻混系统,2025-09-22,5门7座MPV,30.99万,三年或10万公里,9挡自动,2.0T 237马力 L4,MPV,95号
别克,中大型MPV,汽油+48V轻混系统,2025-09-22,5门7座MPV,33.99万,三年或10万公里,9挡自动,2.0T 237马力 L4,MPV,95号
别克,中大型MPV,汽油+48V轻混系统,2025-09-22,5门7座MPV,36.99万,三年或10万公里,9挡自动,2.0T 237马力 L4,MPV,95号
别克,中大型MPV,汽油,2025-06-26,5门7座MPV,22.99万,三年或10万公里,9挡自动,2.0T 237马力 L4,MPV,95号
别克,中大型MPV,汽油,2025-09-09,5门7座MPV,24.99万,三年或10万公里,9挡自动,2.0T 237马力 L4,MPV,95号
别克,中大型MPV,汽油,2025-09-09,5门7座MPV,19.99万,三年或10万公里,9挡自动,2.0T 237马力 L4,MPV,95号
别克,中大型MPV,汽油+48V轻混系统,2025-09-09,5门7座MPV,24.29万,三年或10万公里,9挡手自一体,2.0T 237马力 L4,MPV,95号
别克,中大型MPV,汽油+48V轻混系统,2025-09-09,5门7座MPV,25.89万,三年或10万公里,9挡手自一体,2.0T 237马力 L4,MPV,95号
别克,中大型MPV,汽油+48V轻混系统,2024-10-31,5门7座MPV,26.99万,三年或10万公里,9挡自动,2.0T 237马力 L4,MPV,95号
别克,中大型MPV,汽油+48V轻混系统,2024-10-31,5门7座MPV,30.99万,三年或10万公里,9挡自动,2.0T 237马力 L4,MPV,95号
别克,中大型MPV,汽油+48V轻混系统,2024-10-31,5门7座MPV,33.99万,三年或10万公里,9挡自动,2.0T 237马力 L4,MPV,95号
大众,中大型SUV,汽油,2025-08-05,5门7座SUV,26.99万,三年或10万公里,7挡湿式双离合,2.0T 272马力 L4,SUV,95号
大众,中大型SUV,汽油,2025-08-05,5门6座SUV,26.99万,三年或10万公里,7挡湿式双离合,2.0T 272马力 L4,SUV,95号
大众,中大型SUV,汽油,2025-08-05,5门7座SUV,29.99万,三年或10万公里,7挡湿式双离合,2.0T 272马力 L4,SUV,95号
大众,中大型SUV,汽油,2025-08-05,5门6座SUV,29.99万,三年或10万公里,7挡湿式双离合,2.0T 272马力 L4,SUV,95号
大众,中大型SUV,汽油,2025-01-08,5门6座SUV,29.99万,三年或10万公里,7挡湿式双离合,2.0T 220马力 L4,SUV,95号
大众,中大型SUV,汽油,2025-01-08,5门7座SUV,29.99万,三年或10万公里,7挡湿式双离合,2.0T 220马力 L4,SUV,95号
长安启源,中大型车,增程式,2025-09-10,5门5座掀背车,13.99万,三年或12万公里,电动车单速变速箱,增程器 98马力,掀背车,92号
长安启源,中大型车,增程式,2025-09-10,5门5座掀背车,14.99万,三年或12万公里,电动车单速变速箱,增程器 98马力,掀背车,92号
长安启源,中大型车,纯电动,2025-09-10,5门5座掀背车,14.99万,三年或12万公里,电动车单速变速箱,-,掀背车,-
长安启源,中大型车,纯电动,2025-09-10,5门5座掀背车,15.99万,三年或12万公里,电动车单速变速箱,-,掀背车,-
长安启源,中大型车,纯电动,2025-09-22,5门5座掀背车,16.59万,-,电动车单速变速箱,-,掀背车,-
长安启源,中大型车,增程式,2024-10-18,5门5座掀背车,13.99万,三年或12万公里,电动车单速变速箱,增程器 95马力,掀背车,92号
长安启源,中大型车,增程式,2025-02-11,5门5座掀背车,13.59万,三年或12万公里,电动车单速变速箱,增程器 95马力,掀背车,92号
长安启源,中大型车,增程式,2025-02-11,5门5座掀背车,14.59万,三年或12万公里,电动车单速变速箱,增程器 98马力,掀背车,92号
长安启源,中大型车,增程式,2025-02-11,5门5座掀背车,15.19万,三年或12万公里,电动车单速变速箱,增程器 98马力,掀背车,92号
长安启源,中大型车,纯电动,2025-02-11,5门5座掀背车,11.99万,三年或12万公里,电动车单速变速箱,-,掀背车,-
长安启源,中大型车,纯电动,2025-02-11,5门5座掀背车,13.59万,三年或12万公里,电动车单速变速箱,-,掀背车,-
长安启源,中大型车,纯电动,2025-02-11,5门5座掀背车,14.59万,三年或12万公里,电动车单速变速箱,-,掀背车,-
长安启源,中大型车,纯电动,2025-02-11,5门5座掀背车,14.29万,三年或12万公里,电动车单速变速箱,-,掀背车,-
长安启源,中大型车,纯电动,2025-02-11,5门5座掀背车,15.39万,三年或12万公里,电动车单速变速箱,-,掀背车,-
长安启源,中大型车,纯电动,2025-02-11,5门5座掀背车,15.99万,三年或15万公里,电动车单速变速箱,-,掀背车,-
长安启源,中型SUV,插电式混合动力,2025-04-23,5门5座SUV,12.98万,六年或15万公里,E-CVT无级变速,1.5L 98马力 L4,SUV,92号
长安启源,中型SUV,插电式混合动力,2025-04-23,5门5座SUV,13.98万,六年或15万公里,E-CVT无级变速,1.5L 98马力 L4,SUV,92号
长安启源,中型SUV,插电式混合动力,2025-04-23,5门5座SUV,14.58万,六年或15万公里,E-CVT无级变速,1.5L 98马力 L4,SUV,92号
长安启源,中型SUV,插电式混合动力,2025-04-23,5门5座SUV,15.18万,六年或15万公里,E-CVT无级变速,1.5L 98马力 L4,SUV,92号
长安启源,中型SUV,插电式混合动力,2025-10-10,5门5座SUV,15.68万,六年或15万公里,E-CVT无级变速,1.5L 98马力 L4,SUV,92号
长安启源,中型SUV,插电式混合动力,2025-04-23,5门5座SUV,16.18万,六年或15万公里,E-CVT无级变速,1.5T 150马力 L4,SUV,92号
长安启源,中型SUV,插电式混合动力,2025-10-10,5门5座SUV,16.68万,六年或15万公里,E-CVT无级变速,1.5T 150马力 L4,SUV,92号
长安启源,中型SUV,插电式混合动力,2025-04-23,5门5座SUV,17.18万,六年或15万公里,E-CVT无级变速,1.5T 150马力 L4,SUV,92号
长安启源,中型SUV,插电式混合动力,2025-10-10,5门5座SUV,17.68万,六年或15万公里,E-CVT无级变速,1.5T 150马力 L4,SUV,92号
AITO 问界,中大型SUV,增程式,2025-09-23,5门6座SUV,29.98万,四年或10万公里,电动车单速变速箱,增程器 160马力,SUV,95号
AITO 问界,中大型SUV,增程式,2026-01-13,5门6座SUV,31.98万,四年或10万公里,电动车单速变速箱,增程器 160马力,SUV,95号
AITO 问界,中大型SUV,增程式,2025-09-23,5门6座SUV,33.98万,四年或10万公里,电动车单速变速箱,增程器 160马力,SUV,95号
AITO 问界,中大型SUV,增程式,2025-09-23,5门6座SUV,35.98万,四年或10万公里,电动车单速变速箱,增程器 160马力,SUV,95号
AITO 问界,中大型SUV,增程式,2025-09-23,5门5座SUV,27.98万,四年或10万公里,电动车单速变速箱,增程器 160马力,SUV,95号
AITO 问界,中大型SUV,增程式,2025-09-23,5门5座SUV,31.98万,四年或10万公里,电动车单速变速箱,增程器 160马力,SUV,95号
AITO 问界,中大型SUV,增程式,2026-01-13,5门5座SUV,29.98万,四年或10万公里,电动车单速变速箱,增程器 160马力,SUV,95号
AITO 问界,中大型SUV,增程式,2025-09-23,5门5座SUV,33.98万,四年或10万公里,电动车单速变速箱,增程器 160马力,SUV,95号
AITO 问界,中大型SUV,增程式,2026-03-23,5门6座SUV,32.98万,四年或10万公里,电动车单速变速箱,增程器 160马力,SUV,95号
AITO 问界,中大型SUV,增程式,2026-03-23,5门6座SUV,34.98万,四年或10万公里,电动车单速变速箱,增程器 160马力,SUV,95号
AITO 问界,中大型SUV,增程式,2026-03-23,5门6座SUV,36.98万,四年或10万公里,电动车单速变速箱,增程器 160马力,SUV,95号
AITO 问界,中大型SUV,增程式,2026-03-23,5门5座SUV,32.98万,四年或10万公里,电动车单速变速箱,增程器 160马力,SUV,95号
AITO 问界,中大型SUV,增程式,2026-03-23,5门5座SUV,30.98万,四年或10万公里,电动车单速变速箱,增程器 160马力,SUV,95号
AITO 问界,中大型SUV,增程式,2026-03-23,5门5座SUV,34.98万,四年或10万公里,电动车单速变速箱,增程器 160马力,SUV,95号
AITO 问界,中大型SUV,纯电动,2025-09-23,5门6座SUV,33.98万,四年或10万公里,电动车单速变速箱,纯电动,SUV,-
AITO 问界,中大型SUV,纯电动,2025-09-23,5门5座SUV,31.98万,四年或10万公里,电动车单速变速箱,纯电动,SUV,-
AITO 问界,中大型SUV,纯电动,2026-03-23,5门6座SUV,34.98万,四年或10万公里,电动车单速变速箱,纯电动,SUV,-
AITO 问界,中大型SUV,纯电动,2026-03-23,5门5座SUV,32.98万,四年或10万公里,电动车单速变速箱,纯电动,SUV,-
AITO 问界,中大型SUV,纯电动,2025-09-23,5门6座SUV,35.98万,四年或10万公里,电动车单速变速箱,纯电动,SUV,-
AITO 问界,中大型SUV,纯电动,2025-09-23,5门6座SUV,37.98万,四年或10万公里,电动车单速变速箱,纯电动,SUV,-
AITO 问界,中大型SUV,纯电动,2025-09-23,5门5座SUV,33.98万,四年或10万公里,电动车单速变速箱,纯电动,SUV,-
AITO 问界,中大型SUV,纯电动,2025-09-23,5门5座SUV,35.98万,四年或10万公里,电动车单速变速箱,纯电动,SUV,-
AITO 问界,中大型SUV,纯电动,2026-03-23,5门6座SUV,36.98万,四年或10万公里,电动车单速变速箱,纯电动,SUV,-
AITO 问界,中大型SUV,纯电动,2026-03-23,5门6座SUV,38.98万,四年或10万公里,电动车单速变速箱,纯电动,SUV,-
AITO 问界,中大型SUV,纯电动,2026-03-23,5门5座SUV,34.98万,四年或10万公里,电动车单速变速箱,纯电动,SUV,-
AITO 问界,中大型SUV,纯电动,2026-03-23,5门5座SUV,36.98万,四年或10万公里,电动车单速变速箱,纯电动,SUV,-
AITO 问界,中大型SUV,增程式,2024-08-26,5门5座SUV,24.98万,四年或10万公里,电动车单速变速箱,1.5T 152马力 L4,SUV,95号
AITO 问界,中大型SUV,增程式,2024-08-26,5门6座SUV,26.98万,四年或10万公里,电动车单速变速箱,1.5T 152马力 L4,SUV,95号
AITO 问界,中大型SUV,增程式,2024-08-26,5门5座SUV,26.98万,四年或10万公里,电动车单速变速箱,1.5T 152马力 L4,SUV,95号
领克,紧凑型SUV,汽油,2025-06-10,5门5座SUV,14.98万,四年或10万公里,8挡手自一体,2.0T 254马力 L4,SUV,95号
领克,紧凑型SUV,汽油,2025-06-10,5门5座SUV,16.58万,四年或10万公里,8挡手自一体,2.0T 254马力 L4,SUV,95号
领克,紧凑型SUV,汽油,2025-06-10,5门5座SUV,18.18万,四年或10万公里,8挡手自一体,2.0T 254马力 L4,SUV,95号
广汽传祺,中型MPV,插电式混合动力,2024-09-10,5门7座MPV,23.28万,三年或10万公里,2挡DHT,2.0L 140马力 L4,MPV,92号
广汽传祺,中型MPV,插电式混合动力,2024-09-10,5门7座MPV,23.88万,三年或10万公里,2挡DHT,2.0L 140马力 L4,MPV,92号
捷豹,紧凑型SUV,汽油+48V轻混系统,2023-08-25,5门5座SUV,26.38万,三年或10万公里,8挡自动,1.5T 200马力 L3,SUV,95号
捷豹,紧凑型SUV,汽油+48V轻混系统,2023-08-25,5门5座SUV,28.80万,三年或10万公里,8挡自动,1.5T 200马力 L3,SUV,95号
捷豹,紧凑型SUV,汽油+48V轻混系统,2023-08-25,5门5座SUV,32.10万,三年或10万公里,9挡自动,2.0T 249马力 L4,SUV,95号
灵悉,中型车,纯电动,2025-10-23,4门5座三厢车,14.98万,三年或10万公里,,,三厢车,
灵悉,中型车,纯电动,2025-10-23,4门5座三厢车,15.58万,三年或10万公里,,,三厢车,
标致,中型车,汽油,2025-03-17,4门5座三厢车,16.37万,五年或15万公里,8挡手自一体,1.8T 211马力 L4,三厢车,92号
标致,中型车,汽油,2025-12-04,4门5座三厢车,17.87万,五年或15万公里,8挡手自一体,1.8T 211马力 L4,三厢车,92号
标致,中型车,汽油,2025-12-04,4门5座三厢车,19.47万,五年或15万公里,8挡手自一体,1.8T 211马力 L4,三厢车,92号
标致,中型车,汽油,2025-03-17,4门5座三厢车,17.87万,五年或15万公里,8挡手自一体,1.8T 211马力 L4,三厢车,92号
标致,中型车,汽油,2025-03-17,4门5座三厢车,19.47万,五年或15万公里,8挡手自一体,1.8T 211马力 L4,三厢车,92号
江淮瑞风,中大型MPV,插电式混合动力,2026-03-28,5门7座MPV,19.99万,五年或10万公里,3挡DHT,1.5T 163马力 L4,MPV,92号
江淮瑞风,中大型MPV,插电式混合动力,2026-03-28,5门7座MPV,23.99万,五年或10万公里,3挡DHT,1.5T 163马力 L4,MPV,92号
江淮瑞风,中大型MPV,插电式混合动力,2026-03-28,5门7座MPV,25.99万,五年或10万公里,3挡DHT,1.5T 163马力 L4,MPV,92号
江淮瑞风,中大型MPV,插电式混合动力,2026-01-12,5门7座MPV,21.39万,五年或10万公里,3挡DHT,1.5T 163马力 L4,MPV,92号
江淮瑞风,中大型MPV,插电式混合动力,2026-04-16,5门7座MPV,28.99万,五年或10万公里,3挡DHT,1.5T 163马力 L4,MPV,92号
江淮瑞风,中大型MPV,插电式混合动力,2026-04-16,5门7座MPV,31.99万,五年或10万公里,3挡DHT,1.5T 163马力 L4,MPV,92号
江淮瑞风,中大型MPV,插电式混合动力,2025-02-20,5门7座MPV,36.99万,五年或10万公里,3挡DHT,1.5T 163马力 L4,MPV,92号
江淮瑞风,中大型MPV,插电式混合动力,2024-09-13,5门7座MPV,20.99万,五年或10万公里,3挡DHT,1.5T 163马力 L4,MPV,92号
江淮瑞风,中大型MPV,插电式混合动力,2024-01-31,5门7座MPV,21.99万,五年或10万公里,3挡DHT,1.5T 163马力 L4,MPV,92号
江淮瑞风,中大型MPV,插电式混合动力,2024-01-31,5门7座MPV,23.99万,五年或10万公里,3挡DHT,1.5T 163马力 L4,MPV,92号
江淮瑞风,中大型MPV,插电式混合动力,2024-04-25,5门7座MPV,25.99万,五年或10万公里,3挡DHT,1.5T 163马力 L4,MPV,92号
江淮瑞风,中大型MPV,插电式混合动力,2024-09-13,5门7座MPV,24.57万,五年或10万公里,3挡DHT,1.5T 163马力 L4,MPV,92号
江淮瑞风,中大型MPV,插电式混合动力,2024-09-13,5门7座MPV,26.57万,五年或10万公里,3挡DHT,1.5T 163马力 L4,MPV,92号
江淮瑞风,中大型MPV,插电式混合动力,2024-09-13,5门7座MPV,28.57万,五年或10万公里,3挡DHT,1.5T 163马力 L4,MPV,92号
本田,中型车,汽油,2025-03-20,4门5座三厢车,17.98万,三年或10万公里,CVT无级变速,1.5T 192马力 L4,三厢车,92号
本田,中型车,汽油,2025-03-20,4门5座三厢车,19.78万,三年或10万公里,CVT无级变速,1.5T 192马力 L4,三厢车,92号
本田,中型车,汽油,2025-03-20,4门5座三厢车,21.48万,三年或10万公里,CVT无级变速,1.5T 192马力 L4,三厢车,92号
本田,中型车,汽油,2024-09-26,4门5座三厢车,23.88万,三年或10万公里,CVT无级变速,1.5T 192马力 L4,三厢车,92号
深蓝汽车,中型SUV,增程式,2025-09-19,5门5座SUV,15.69万,三年或12万公里,电动车单速变速箱,增程器 98马力,SUV,92号
深蓝汽车,中型SUV,增程式,2025-09-19,5门5座SUV,16.69万,三年或12万公里,电动车单速变速箱,增程器 98马力,SUV,92号
深蓝汽车,中型SUV,增程式,2025-09-19,5门5座SUV,17.39万,三年或12万公里,电动车单速变速箱,增程器 98马力,SUV,92号
深蓝汽车,中型SUV,纯电动,2025-12-11,5门5座SUV,16.49万,三年或12万公里,电动车单速变速箱,纯电动,SUV,-
深蓝汽车,中型SUV,纯电动,2025-12-11,5门5座SUV,17.49万,三年或12万公里,电动车单速变速箱,纯电动,SUV,-
深蓝汽车,中型SUV,纯电动,2025-09-19,5门5座SUV,15.69万,三年或12万公里,电动车单速变速箱,纯电动,SUV,-
深蓝汽车,中型SUV,纯电动,2025-09-19,5门5座SUV,16.69万,三年或12万公里,电动车单速变速箱,纯电动,SUV,-
马自达,紧凑型SUV,汽油,2026-01-01,5门5座SUV,13.98万,-,6挡手自一体,2.0L 155马力 L4,SUV,92号
马自达,紧凑型SUV,汽油,2026-01-01,5门5座SUV,14.98万,-,6挡手自一体,2.5L 188马力 L4,SUV,92号
马自达,紧凑型SUV,汽油,2026-01-01,5门5座SUV,15.98万,-,6挡手自一体,2.5L 188马力 L4,SUV,92号
马自达,紧凑型SUV,汽油,2024-03-16,5门5座SUV,17.98万,-,6挡手自一体,2.5L 188马力 L4,SUV,92号
马自达,紧凑型SUV,汽油,2023-05-25,5门5座SUV,15.98万,-,6挡手自一体,2.0L 155马力 L4,SUV,92号
马自达,紧凑型SUV,汽油,2023-05-25,5门5座SUV,16.78万,-,6挡手自一体,2.0L 155马力 L4,SUV,92号
马自达,紧凑型SUV,汽油,2023-05-25,5门5座SUV,17.78万,-,6挡手自一体,2.0L 155马力 L4,SUV,92号
马自达,紧凑型SUV,汽油,2023-05-25,5门5座SUV,17.58万,-,6挡手自一体,2.5L 188马力 L4,SUV,92号
马自达,紧凑型SUV,汽油,2023-05-25,5门5座SUV,18.78万,-,6挡手自一体,2.5L 188马力 L4,SUV,92号
马自达,紧凑型SUV,汽油,2023-05-25,5门5座SUV,20.68万,-,6挡手自一体,2.5L 188马力 L4,SUV,92号
马自达,紧凑型SUV,油电混合,2023-11-17,5门5座SUV,19.58万,-,E-CVT无级变速,2.5L 178马力 L4,SUV,92号
马自达,紧凑型SUV,油电混合,2023-11-17,5门5座SUV,20.78万,-,E-CVT无级变速,2.5L 178马力 L4,SUV,92号
马自达,紧凑型SUV,油电混合,2023-11-17,5门5座SUV,22.08万,-,E-CVT无级变速,2.5L 178马力 L4,SUV,92号
马自达,紧凑型SUV,油电混合,2023-11-17,5门5座SUV,23.98万,-,E-CVT无级变速,2.5L 178马力 L4,SUV,92号
凯迪拉克,中大型车,汽油,2025-10-22,4门5座三厢车,36.99万,三年不限公里,10挡手自一体,2.0T 237马力 L4,三厢车,95号
凯迪拉克,中大型车,汽油,2025-10-22,4门5座三厢车,39.99万,三年不限公里,10挡手自一体,2.0T 237马力 L4,三厢车,95号
凯迪拉克,中大型车,汽油,2025-10-22,4门5座三厢车,42.99万,三年不限公里,10挡手自一体,2.0T 237马力 L4,三厢车,95号
北京汽车,紧凑型车,汽油,2019-07-18,4门5座三厢车,6.99万,五年或10万公里,5挡手动,1.5L 116马力 L4,三厢车,92号
北京汽车,紧凑型车,汽油,2019-07-18,4门5座三厢车,6.99万,五年或10万公里,5挡手动,1.5L 116马力 L4,三厢车,92号
北京汽车,紧凑型车,汽油,2019-07-18,4门5座三厢车,7.69万,五年或10万公里,5挡手动,1.5L 116马力 L4,三厢车,92号
北京汽车,紧凑型车,汽油,2019-07-18,4门5座三厢车,7.69万,五年或10万公里,5挡手动,1.5L 116马力 L4,三厢车,92号
北京汽车,紧凑型车,汽油,2019-07-18,4门5座三厢车,7.69万,五年或10万公里,6挡手动,1.5T 150马力 L4,三厢车,92号
北京汽车,紧凑型车,汽油,2019-07-18,4门5座三厢车,7.99万,五年或10万公里,CVT无级变速,1.5L 116马力 L4,三厢车,92号
北京汽车,紧凑型车,汽油,2019-07-18,4门5座三厢车,8.69万,五年或10万公里,CVT无级变速,1.5L 116马力 L4,三厢车,92号
北京汽车,紧凑型车,汽油,2019-07-18,4门5座三厢车,8.69万,五年或10万公里,CVT无级变速,1.5T 150马力 L4,三厢车,92号
北京汽车,紧凑型车,汽油,2019-07-18,4门5座三厢车,9.19万,五年或10万公里,CVT无级变速,1.5T 150马力 L4,三厢车,92号
北京汽车,紧凑型车,汽油,2019-07-18,4门5座三厢车,9.99万,五年或10万公里,CVT无级变速,1.5T 150马力 L4,三厢车,92号
大众,中型车,汽油,2025-10-10,4门5座三厢车,17.49万,三年或10万公里,7挡干式双离合,1.4T 150马力 L4,三厢车,95号
大众,中型车,汽油,2025-10-10,4门5座三厢车,17.69万,三年或10万公里,7挡干式双离合,1.4T 150马力 L4,三厢车,95号
大众,中型车,汽油,2025-11-26,4门5座三厢车,17.99万,三年或10万公里,7挡干式双离合,1.5T 160马力 L4,三厢车,95号
大众,中型车,汽油,2025-11-26,4门5座三厢车,18.99万,三年或10万公里,7挡干式双离合,1.5T 160马力 L4,三厢车,95号
大众,中型车,汽油,2026-04-01,4门5座三厢车,19.49万,三年或10万公里,7挡湿式双离合,2.0T 186马力 L4,三厢车,95号
大众,中型车,汽油,2025-10-10,4门5座三厢车,20.69万,三年或10万公里,7挡湿式双离合,2.0T 220马力 L4,三厢车,95号
大众,中型车,汽油,2025-11-26,4门5座三厢车,20.99万,三年或10万公里,7挡湿式双离合,2.0T 220马力 L4,三厢车,95号
大众,中型车,汽油,2026-03-31,4门5座三厢车,21.63万,三年或10万公里,7挡湿式双离合,2.0T 220马力 L4,三厢车,95号
大众,中型车,汽油,2025-11-26,4门5座三厢车,22.59万,三年或10万公里,7挡湿式双离合,2.0T 220马力 L4,三厢车,95号
大众,中型车,汽油,2025-11-26,4门5座三厢车,24.69万,三年或10万公里,7挡湿式双离合,2.0T 220马力 L4,三厢车,95号
大众,中型车,汽油,2025-05-29,4门5座三厢车,17.69万,三年或10万公里,7挡干式双离合,1.4T 150马力 L4,三厢车,95号
大众,中型车,汽油,2024-10-22,4门5座三厢车,17.49万,三年或10万公里,7挡干式双离合,1.4T 150马力 L4,三厢车,95号
大众,中型车,汽油,2025-05-29,4门5座三厢车,20.69万,三年或10万公里,7挡湿式双离合,2.0T 186马力 L4,三厢车,95号
大众,中型车,汽油,2025-02-25,4门5座三厢车,17.69万,三年或10万公里,7挡干式双离合,1.4T 150马力 L4,三厢车,95号
大众,中型车,汽油,2025-02-25,4门5座三厢车,20.69万,三年或10万公里,7挡湿式双离合,2.0T 186马力 L4,三厢车,95号
大众,中型车,汽油,2025-01-09,4门5座三厢车,17.69万,三年或10万公里,7挡干式双离合,1.4T 150马力 L4,三厢车,95号
大众,中型车,汽油,2024-10-22,4门5座三厢车,20.69万,三年或10万公里,7挡湿式双离合,2.0T 186马力 L4,三厢车,95号
大众,中型车,汽油,2024-07-09,4门5座三厢车,17.99万,三年或10万公里,7挡干式双离合,1.5T 160马力 L4,三厢车,95号
大众,中型车,汽油,2024-07-09,4门5座三厢车,18.99万,三年或10万公里,7挡干式双离合,1.5T 160马力 L4,三厢车,95号
大众,中型车,汽油,2024-07-09,4门5座三厢车,20.99万,三年或10万公里,7挡湿式双离合,2.0T 220马力 L4,三厢车,95号
大众,中型车,汽油,2024-07-09,4门5座三厢车,22.59万,三年或10万公里,7挡湿式双离合,2.0T 220马力 L4,三厢车,95号
大众,中型车,汽油,2024-07-09,4门5座三厢车,24.69万,三年或10万公里,7挡湿式双离合,2.0T 220马力 L4,三厢车,95号
大众,中型SUV,汽油,2024-04-16,5门5座SUV跨界车,23.29万,三年或10万公里,7挡湿式双离合,2.0T 186马力 L4,SUV跨界车,95号
大众,中型SUV,汽油,2022-08-23,5门5座SUV跨界车,24.79万,三年或10万公里,7挡湿式双离合,2.0T 186马力 L4,SUV跨界车,95号
大众,中型SUV,汽油,2023-03-28,5门5座SUV跨界车,26.29万,三年或10万公里,7挡湿式双离合,2.0T 220马力 L4,SUV跨界车,95号
极氪,中大型MPV,纯电动,2024-07-19,5门7座MPV,48.90万,四年或10万公里,,,MPV,
极氪,中大型MPV,纯电动,2024-07-19,5门7座MPV,43.90万,四年或10万公里,,,MPV,
极氪,中大型MPV,纯电动,2024-07-19,5门7座MPV,50.90万,四年或10万公里,,,MPV,
极氪,中大型MPV,纯电动,2024-07-19,5门6座MPV,51.90万,四年或10万公里,,,MPV,
极氪,中大型MPV,纯电动,2024-07-19,5门7座MPV,45.90万,四年或10万公里,,,MPV,
极氪,中大型MPV,纯电动,2024-07-19,5门6座MPV,46.90万,四年或10万公里,,,MPV,
极氪,中大型MPV,纯电动,2024-04-19,5门4座MPV,78.90万,四年或10万公里,,,MPV,
极氪,中大型MPV,纯电动,2025-04-19,5门4座MPV,89.90万,四年或10万公里,,,MPV,
极氪,中大型MPV,纯电动,-,5门7座MPV,-,-,,,MPV,
极氪,中大型MPV,纯电动,-,5门6座MPV,-,-,,,MPV,
极氪,中大型MPV,纯电动,-,5门7座MPV,-,-,,,MPV,
东风风行,紧凑型SUV,增程式,2025-12-22,5门5座SUV,12.99万,八年或16万公里,电动车单速变速箱,1.5L 102马力 L4,SUV,92号
东风风行,紧凑型SUV,纯电动,2023-11-07,5门5座SUV,13.49万,八年或16万公里,电动车单速变速箱,纯电动,SUV,-
东风风行,紧凑型SUV,纯电动,2023-11-09,5门5座SUV,16.49万,八年或16万公里,电动车单速变速箱,纯电动,SUV,-
东风风行,紧凑型SUV,纯电动,2023-03-25,5门5座SUV,13.99万,八年或16万公里,电动车单速变速箱,纯电动,SUV,-
东风风行,紧凑型SUV,纯电动,2023-03-25,5门5座SUV,14.99万,八年或16万公里,电动车单速变速箱,纯电动,SUV,-
东风风行,紧凑型SUV,纯电动,2023-03-25,5门5座SUV,15.99万,八年或16万公里,电动车单速变速箱,纯电动,SUV,-
东风风行,紧凑型SUV,纯电动,2023-03-25,5门5座SUV,18.99万,八年或16万公里,电动车单速变速箱,纯电动,SUV,-
东风风行,紧凑型SUV,纯电动,2023-03-25,5门5座SUV,21.49万,八年或16万公里,电动车单速变速箱,纯电动,SUV,-
东风风行,紧凑型SUV,纯电动,2023-03-25,5门5座SUV,22.99万,八年或16万公里,电动车单速变速箱,纯电动,SUV,-
大通,中大型MPV,汽油,2024-08-30,4门7座MPV,10.80万,三年或6万公里,5挡手动,2.0L 144马力 L4,MPV,92号
大通,中大型MPV,汽油,2024-08-30,5门7座MPV,11.68万,三年或6万公里,5挡手动,2.0L 144马力 L4,MPV,92号
大通,中大型MPV,汽油+CNG,2025-01-09,4门7座MPV,15.48万,三年或6万公里,5挡手动,2.4L 158马力 L4,MPV,92号
大通,中大型MPV,汽油+CNG,2025-01-09,4门9座MPV,15.78万,三年或6万公里,5挡手动,2.4L 158马力 L4,MPV,92号
大通,中大型MPV,柴油,2024-08-30,5门7座MPV,14.38万,三年或6万公里,6挡手动,2.0T 163马力 L4,MPV,0号
大通,中大型MPV,柴油,2024-08-30,5门9座MPV,14.68万,三年或6万公里,6挡手动,2.0T 163马力 L4,MPV,0号
大通,中大型MPV,柴油,2024-08-30,5门7座MPV,18.98万,三年或6万公里,8挡自动,2.0T 163马力 L4,MPV,0号
大通,中大型MPV,汽油,2025-05-12,5门7座MPV,16.88万,三年或6万公里,8挡自动,2.0T 261马力 L4,MPV,92号
大通,中大型MPV,汽油,2025-05-12,5门9座MPV,16.88万,三年或6万公里,8挡自动,2.0T 261马力 L4,MPV,92号
大通,中大型MPV,汽油,2025-05-12,5门7座MPV,17.88万,三年或6万公里,8挡自动,2.0T 261马力 L4,MPV,92号
大通,中大型MPV,汽油,2024-08-30,5门7座MPV,18.98万,三年或6万公里,8挡自动,2.0T 261马力 L4,MPV,92号
大通,中大型MPV,汽油,2025-08-28,5门7座MPV,20.18万,三年或6万公里,8挡自动,2.0T 261马力 L4,MPV,92号
福特,中大型SUV,汽油,2025-06-07,5门5座SUV,30.98万,三年或10万公里,10挡自动,2.3T 289马力 L4,SUV,92号
福特,中大型SUV,汽油,2025-11-06,5门5座SUV,36.98万,三年或10万公里,10挡手自一体,2.3T 289马力 L4,SUV,92号
福特,中大型SUV,汽油,2024-09-13,5门6座SUV,30.98万,三年或10万公里,10挡自动,2.3T 289马力 L4,SUV,92号
福特,中大型SUV,汽油,2024-09-13,5门7座SUV,30.98万,三年或10万公里,10挡自动,2.3T 289马力 L4,SUV,92号
福特,中大型SUV,汽油,2024-09-13,5门6座SUV,32.98万,三年或10万公里,10挡自动,2.3T 289马力 L4,SUV,92号
福特,中大型SUV,汽油,2024-09-13,5门7座SUV,32.98万,三年或10万公里,10挡自动,2.3T 289马力 L4,SUV,92号
福特,中大型SUV,汽油,2024-09-13,5门6座SUV,35.98万,三年或10万公里,10挡自动,2.3T 289马力 L4,SUV,92号
福特,中大型SUV,汽油,2024-09-13,5门7座SUV,35.98万,三年或10万公里,10挡自动,2.3T 289马力 L4,SUV,92号
福特,中大型SUV,汽油,2024-09-13,5门6座SUV,37.98万,三年或10万公里,10挡手自一体,2.3T 289马力 L4,SUV,92号
福特,中大型SUV,汽油,2024-09-13,5门7座SUV,37.98万,三年或10万公里,10挡手自一体,2.3T 289马力 L4,SUV,92号
福特,中大型SUV,汽油,2024-09-13,5门6座SUV,38.98万,三年或10万公里,10挡自动,2.3T 289马力 L4,SUV,92号
福特,中大型SUV,汽油,2024-09-13,5门6座SUV,39.98万,三年或10万公里,10挡手自一体,2.3T 289马力 L4,SUV,92号
福特,中大型SUV,汽油,2024-09-13,5门7座SUV,39.98万,三年或10万公里,10挡手自一体,2.3T 289马力 L4,SUV,92号
福特,中大型SUV,-,-,5门5座SUV,-,-,10挡自动,-,SUV,-
福特,中大型SUV,-,-,5门6座SUV,-,-,10挡自动,-,SUV,-
江淮钇为,紧凑型车,纯电动,2025-03-11,5门5座掀背车,18.99万,-,,,掀背车,
江淮钇为,紧凑型车,纯电动,2024-03-15,5门5座掀背车,15.29万,-,,,掀背车,
江淮钇为,紧凑型车,纯电动,2024-06-21,5门5座掀背车,17.69万,-,,,掀背车,
江淮钇为,紧凑型车,纯电动,2024-03-15,5门5座掀背车,18.09万,-,,,掀背车,
江淮钇为,紧凑型车,纯电动,2024-03-15,5门5座掀背车,18.99万,-,,,掀背车,
日产,小型SUV,汽油,2023-07-15,5门5座SUV,8.98万,三年或10万公里,CVT无级变速(模拟6挡),1.5L 122马力 L4,SUV,92号
日产,小型SUV,汽油,2023-07-15,5门5座SUV,9.98万,三年或10万公里,CVT无级变速(模拟6挡),1.5L 122马力 L4,SUV,92号
日产,小型SUV,汽油,2023-07-15,5门5座SUV,10.38万,三年或10万公里,CVT无级变速(模拟6挡),1.5L 122马力 L4,SUV,92号
比亚迪,紧凑型车,纯电动,2024-03-13,5门5座两厢车,8.98万,六年或15万公里,,,两厢车,
比亚迪,紧凑型车,纯电动,2024-03-13,5门5座两厢车,9.68万,六年或15万公里,,,两厢车,
比亚迪,紧凑型车,纯电动,2023-04-06,5门5座两厢车,14.78万,-,,,两厢车,
红旗,大型SUV,纯电动,2024-09-02,5门7座SUV,58.98万,四年或10万公里,,,SUV,
红旗,大型SUV,纯电动,2024-09-02,5门6座SUV,61.98万,四年或10万公里,,,SUV,
红旗,大型SUV,纯电动,2024-09-02,5门6座SUV,68.98万,四年或10万公里,,,SUV,
红旗,大型SUV,纯电动,2024-09-02,5门4座SUV,77.98万,四年或10万公里,,,SUV,
红旗,大型SUV,纯电动,2024-03-07,5门7座SUV,58.98万,四年或10万公里,,,SUV,
红旗,大型SUV,纯电动,2024-03-07,5门6座SUV,61.98万,四年或10万公里,,,SUV,
红旗,大型SUV,纯电动,2024-03-07,5门6座SUV,68.98万,四年或10万公里,,,SUV,
红旗,大型SUV,纯电动,2024-03-07,5门4座SUV,77.98万,四年或10万公里,,,SUV,
欧拉,中型车,纯电动,2023-10-31,4门5座三厢车,20.88万,五年或15万公里,,,三厢车,
欧拉,中型车,纯电动,2023-10-31,4门5座三厢车,24.48万,五年或15万公里,,,三厢车,
欧拉,中型车,纯电动,2023-10-31,4门5座三厢车,27.28万,五年或15万公里,,,三厢车,
欧拉,中型车,纯电动,2022-10-31,4门5座三厢车,18.98万,五年或15万公里,,,三厢车,
欧拉,中型车,纯电动,2022-10-31,4门5座三厢车,20.38万,五年或15万公里,,,三厢车,
欧拉,中型车,纯电动,2022-10-31,4门5座三厢车,23.98万,五年或15万公里,,,三厢车,
欧拉,中型车,纯电动,2022-10-31,4门5座三厢车,26.98万,五年或15万公里,,,三厢车,
比亚迪,小型车,纯电动,2025-02-10,5门5座两厢车,9.98万,六年或15万公里,,,两厢车,
比亚迪,小型车,纯电动,2025-02-10,5门5座两厢车,10.98万,六年或15万公里,,,两厢车,
比亚迪,小型车,纯电动,2025-02-10,5门5座两厢车,12.58万,六年或15万公里,,,两厢车,
比亚迪,小型车,纯电动,2024-07-08,5门5座两厢车,9.98万,六年或15万公里,,,两厢车,
比亚迪,小型车,纯电动,2024-07-08,5门5座两厢车,10.68万,六年或15万公里,,,两厢车,
比亚迪,小型车,纯电动,2024-07-08,5门5座两厢车,11.38万,六年或15万公里,,,两厢车,
比亚迪,小型车,纯电动,2024-07-08,5门5座两厢车,12.98万,六年或15万公里,,,两厢车,
比亚迪,小型车,纯电动,-,5门5座两厢车,-,-,,,两厢车,
启辰,紧凑型SUV,汽油,2025-07-01,5门5座SUV,9.98万,三年或10万公里,7挡湿式双离合,1.5T 190马力 L4,SUV,92号
启辰,紧凑型SUV,汽油,2025-07-01,5门5座SUV,10.98万,三年或10万公里,7挡湿式双离合,1.5T 190马力 L4,SUV,92号
启辰,紧凑型SUV,汽油,2025-07-01,5门5座SUV,11.18万,三年或10万公里,7挡湿式双离合,1.5T 190马力 L4,SUV,92号
启辰,紧凑型SUV,汽油,2025-07-01,5门5座SUV,11.98万,三年或10万公里,7挡湿式双离合,1.5T 190马力 L4,SUV,92号
启辰,紧凑型SUV,汽油,2025-07-01,5门5座SUV,12.88万,三年或10万公里,7挡湿式双离合,1.5T 190马力 L4,SUV,92号
启辰,紧凑型SUV,汽油,2024-03-21,5门5座SUV,10.48万,三年或10万公里,7挡湿式双离合,1.5T 190马力 L4,SUV,92号
启辰,紧凑型SUV,汽油,2023-09-08,5门5座SUV,9.98万,三年或10万公里,7挡湿式双离合,1.5T 190马力 L4,SUV,92号
启辰,紧凑型SUV,汽油,2022-11-08,5门5座SUV,10.98万,三年或10万公里,7挡湿式双离合,1.5T 190马力 L4,SUV,92号
启辰,紧凑型SUV,汽油,2022-11-08,5门5座SUV,11.18万,三年或10万公里,7挡湿式双离合,1.5T 190马力 L4,SUV,92号
启辰,紧凑型SUV,汽油,2022-11-08,5门5座SUV,11.98万,三年或10万公里,7挡湿式双离合,1.5T 190马力 L4,SUV,92号
启辰,紧凑型SUV,汽油,2022-11-08,5门5座SUV,12.88万,三年或10万公里,7挡湿式双离合,1.5T 190马力 L4,SUV,92号
极氪,紧凑型SUV,纯电动,2025-11-05,5门5座SUV,15.58万,四年或10万公里,,,SUV,
极氪,紧凑型SUV,纯电动,2025-11-05,5门4座SUV,15.98万,四年或10万公里,,,SUV,
极氪,紧凑型SUV,纯电动,2025-11-05,5门5座SUV,17.58万,四年或10万公里,,,SUV,
智己汽车,中大型SUV,增程式,2025-09-10,5门5座SUV,22.99万,五年或15万公里,电动车单速变速箱,增程器 155马力,SUV,92号
智己汽车,中大型SUV,增程式,2025-10-16,5门5座SUV,24.49万,五年或15万公里,电动车单速变速箱,增程器 155马力,SUV,92号
智己汽车,中大型SUV,增程式,2025-09-10,5门5座SUV,24.49万,五年或15万公里,电动车单速变速箱,增程器 155马力,SUV,92号
智己汽车,中大型SUV,增程式,2025-09-10,5门5座SUV,26.49万,五年或15万公里,电动车单速变速箱,增程器 155马力,SUV,92号
智己汽车,中大型SUV,纯电动,2025-09-10,5门5座SUV,21.29万,五年或15万公里,电动车单速变速箱,-,SUV,-
智己汽车,中大型SUV,纯电动,2025-09-10,5门5座SUV,22.49万,五年或15万公里,电动车单速变速箱,-,SUV,-
智己汽车,中大型SUV,纯电动,2025-09-10,5门5座SUV,24.49万,五年或15万公里,电动车单速变速箱,-,SUV,-
智己汽车,中大型SUV,纯电动,2025-09-10,5门5座SUV,24.49万,五年或15万公里,电动车单速变速箱,-,SUV,-
智己汽车,中大型SUV,纯电动,2025-09-10,5门5座SUV,28.49万,五年或15万公里,电动车单速变速箱,-,SUV,-
本田,紧凑型车,油电混合,2025-03-20,4门5座三厢车,13.99万,三年或10万公里,E-CVT无级变速,2.0L 143马力 L4,三厢车,92号
本田,紧凑型车,油电混合,2025-03-20,4门5座三厢车,15.29万,三年或10万公里,E-CVT无级变速,2.0L 143马力 L4,三厢车,92号
本田,紧凑型车,油电混合,2025-03-20,5门5座两厢车,17.09万,三年或10万公里,E-CVT无级变速,2.0L 143马力 L4,两厢车,92号
本田,紧凑型车,汽油,2025-03-20,4门5座三厢车,12.99万,三年或10万公里,6挡手动,1.5T 182马力 L4,三厢车,92号
本田,紧凑型车,汽油,2025-03-20,4门5座三厢车,13.99万,三年或10万公里,CVT无级变速,1.5T 182马力 L4,三厢车,92号
本田,紧凑型车,汽油,2025-03-20,5门5座两厢车,13.99万,三年或10万公里,6挡手动,1.5T 182马力 L4,两厢车,92号
本田,紧凑型车,汽油,2025-03-20,5门5座两厢车,16.19万,三年或10万公里,6挡手动,1.5T 182马力 L4,两厢车,92号
iCAR,紧凑型SUV,纯电动,2024-02-28,5门5座SUV,10.98万,四年或12万公里,,,SUV,
iCAR,紧凑型SUV,纯电动,2024-02-28,5门5座SUV,11.98万,四年或12万公里,,,SUV,
iCAR,紧凑型SUV,纯电动,2024-07-01,5门5座SUV,11.98万,四年或12万公里,,,SUV,
iCAR,紧凑型SUV,纯电动,2024-02-28,5门5座SUV,12.98万,四年或12万公里,,,SUV,
iCAR,紧凑型SUV,纯电动,2024-07-10,5门5座SUV,12.98万,四年或12万公里,,,SUV,
iCAR,紧凑型SUV,纯电动,2024-02-28,5门5座SUV,13.98万,四年或12万公里,,,SUV,
iCAR,紧凑型SUV,纯电动,2024-07-10,5门5座SUV,13.98万,四年或12万公里,,,SUV,
iCAR,紧凑型SUV,纯电动,2024-07-10,5门5座SUV,14.48万,四年或12万公里,,,SUV,
iCAR,紧凑型SUV,纯电动,2024-07-01,5门5座SUV,14.58万,四年或12万公里,,,SUV,
iCAR,紧凑型SUV,纯电动,2024-06-12,5门5座SUV,14.98万,四年或12万公里,,,SUV,
iCAR,紧凑型SUV,纯电动,2024-07-10,5门5座SUV,14.98万,四年或12万公里,,,SUV,
iCAR,紧凑型SUV,纯电动,2024-02-28,5门5座SUV,15.98万,四年或12万公里,,,SUV,
iCAR,紧凑型SUV,纯电动,2024-06-12,5门5座SUV,15.98万,四年或12万公里,,,SUV,
iCAR,紧凑型SUV,纯电动,2024-08-30,5门5座SUV,15.98万,四年或12万公里,,,SUV,
iCAR,紧凑型SUV,纯电动,2025-03-11,5门5座SUV,15.98万,四年或12万公里,,,SUV,
iCAR,紧凑型SUV,纯电动,2024-02-28,5门5座SUV,16.98万,四年或12万公里,,,SUV,
捷途,紧凑型SUV,汽油,2025-10-31,5门5座SUV,6.99万,-,6挡手动,1.5T 156马力 L4,SUV,92号
捷途,紧凑型SUV,汽油,2025-10-31,5门5座SUV,7.99万,-,6挡湿式双离合,1.5T 156马力 L4,SUV,92号
捷途,紧凑型SUV,汽油,2025-10-31,5门5座SUV,8.39万,-,6挡湿式双离合,1.5T 156马力 L4,SUV,92号
捷途,紧凑型SUV,汽油,2026-04-13,5门5座SUV,8.79万,-,6挡湿式双离合,1.5T 156马力 L4,SUV,92号
捷途,紧凑型SUV,汽油,2025-07-18,5门5座SUV,10.99万,-,6挡湿式双离合,1.5T 156马力 L4,SUV,92号
捷途,紧凑型SUV,汽油,2025-07-18,5门5座SUV,11.69万,-,6挡湿式双离合,1.5T 156马力 L4,SUV,92号
捷途,紧凑型SUV,汽油,2025-07-30,5门5座SUV,12.59万,-,6挡湿式双离合,1.5T 156马力 L4,SUV,92号
捷途,紧凑型SUV,汽油,2025-07-18,5门5座SUV,12.79万,-,7挡湿式双离合,1.5T 184马力 L4,SUV,92号
捷途,紧凑型SUV,汽油,2024-09-02,5门5座SUV,10.99万,-,6挡湿式双离合,1.5T 156马力 L4,SUV,92号
捷途,紧凑型SUV,汽油,2024-09-02,5门5座SUV,11.69万,-,6挡湿式双离合,1.5T 156马力 L4,SUV,92号
捷途,紧凑型SUV,汽油,2024-09-02,5门5座SUV,12.49万,-,6挡湿式双离合,1.5T 156马力 L4,SUV,92号
捷途,紧凑型SUV,汽油,2024-09-02,5门5座SUV,12.39万,-,7挡湿式双离合,1.5T 184马力 L4,SUV,92号
捷途,紧凑型SUV,汽油,2024-09-02,5门5座SUV,12.99万,-,7挡湿式双离合,1.5T 184马力 L4,SUV,92号
捷途,紧凑型SUV,汽油,2025-01-24,5门5座SUV,9.39万,-,6挡湿式双离合,1.5T 156马力 L4,SUV,92号
捷途,紧凑型SUV,汽油,2025-01-07,5门5座SUV,10.99万,-,6挡湿式双离合,1.5T 156马力 L4,SUV,92号
捷途,紧凑型SUV,汽油,2024-04-03,5门5座SUV,13.68万,-,6挡湿式双离合,1.5T 156马力 L4,SUV,92号
荣威,紧凑型车,纯电动,2025-04-23,4门5座三厢车,9.98万,六年或15万公里,,,三厢车,
荣威,紧凑型车,纯电动,2025-04-23,4门5座三厢车,10.98万,六年或15万公里,,,三厢车,
荣威,紧凑型车,纯电动,2025-04-23,4门5座三厢车,11.48万,六年或15万公里,,,三厢车,
荣威,紧凑型车,纯电动,2025-04-23,4门5座三厢车,11.98万,六年或15万公里,,,三厢车,
荣威,紧凑型车,纯电动,2025-04-23,4门5座三厢车,12.48万,六年或15万公里,,,三厢车,
荣威,紧凑型车,纯电动,2025-04-23,4门5座三厢车,13.98万,六年或15万公里,,,三厢车,
大通,紧凑型MPV,汽油,2026-04-01,5门7座MPV,9.98万,三年或6万公里,7挡湿式双离合,1.5T 181马力 L4,MPV,92号
大通,紧凑型MPV,汽油,2025-02-26,5门7座MPV,12.98万,-,7挡湿式双离合,1.5T 181马力 L4,MPV,92号
大通,紧凑型MPV,汽油,2024-10-25,5门7座MPV,8.68万,三年或6万公里,6挡手动,1.5T 181马力 L4,MPV,92号
深蓝汽车,中大型SUV,增程式,2026-03-25,5门5座SUV,18.59万,三年或12万公里,电动车单速变速箱,增程器 150马力,SUV,92号
深蓝汽车,中大型SUV,增程式,2025-04-18,5门5座SUV,19.99万,三年或12万公里,电动车单速变速箱,增程器 150马力,SUV,92号
深蓝汽车,中大型SUV,增程式,2025-04-18,5门5座SUV,22.99万,三年或12万公里,电动车单速变速箱,增程器 150马力,SUV,92号
启辰,紧凑型SUV,汽油,2026-03-10,5门5座SUV,12.66万,三年或10万公里,7挡湿式双离合,1.5T 190马力 L4,SUV,92号
启辰,紧凑型SUV,汽油,2026-03-10,5门5座SUV,13.36万,三年或10万公里,7挡湿式双离合,1.5T 190马力 L4,SUV,92号
启辰,紧凑型SUV,汽油,2026-03-10,5门5座SUV,14.96万,三年或10万公里,7挡湿式双离合,1.5T 190马力 L4,SUV,92号
小鹏,中型SUV,增程式,2026-03-06,5门5座SUV,18.68万,五年或12万公里,电动车单速变速箱,增程器 150马力,SUV,92号
小鹏,中型SUV,纯电动,2026-01-08,5门5座SUV,17.68万,五年或12万公里,电动车单速变速箱,-,SUV,-
小鹏,中型SUV,纯电动,2026-01-08,5门5座SUV,18.68万,五年或12万公里,电动车单速变速箱,-,SUV,-
小鹏,中型SUV,纯电动,2025-03-13,5门5座SUV,17.68万,五年或12万公里,电动车单速变速箱,-,SUV,-
小鹏,中型SUV,纯电动,2025-03-13,5门5座SUV,18.68万,五年或12万公里,电动车单速变速箱,-,SUV,-
小鹏,中型SUV,纯电动,2025-03-13,5门5座SUV,19.88万,五年或12万公里,电动车单速变速箱,-,SUV,-
东风奕派,中大型SUV,增程式,2025-10-16,5门5座SUV,16.99万,三年或10万公里,电动车单速变速箱,1.5T 147马力 L4,SUV,92号
东风奕派,中大型SUV,增程式,2025-10-16,5门5座SUV,17.66万,三年或10万公里,电动车单速变速箱,1.5T 147马力 L4,SUV,92号
东风奕派,中大型SUV,增程式,2025-08-01,5门6座SUV,18.86万,三年或10万公里,电动车单速变速箱,1.5T 147马力 L4,SUV,92号
东风奕派,中大型SUV,增程式,2025-08-01,5门6座SUV,19.86万,三年或10万公里,电动车单速变速箱,1.5T 147马力 L4,SUV,92号
东风奕派,中大型SUV,纯电动,2025-10-16,5门5座SUV,17.49万,三年或10万公里,电动车单速变速箱,-,SUV,-
东风奕派,中大型SUV,纯电动,2025-10-16,5门5座SUV,18.16万,三年或10万公里,电动车单速变速箱,-,SUV,-
东风奕派,中大型SUV,纯电动,2025-08-01,5门6座SUV,19.36万,三年或10万公里,电动车单速变速箱,-,SUV,-
东风奕派,中大型SUV,纯电动,2025-08-01,5门6座SUV,20.36万,三年或10万公里,电动车单速变速箱,-,SUV,-
东风奕派,中大型SUV,增程式,2025-03-01,5门5座SUV,18.36万,三年或10万公里,电动车单速变速箱,1.5T 147马力 L4,SUV,92号
北京越野,中大型SUV,增程式,2025-11-30,5门5座SUV,29.58万,五年或15万公里,电动车单速变速箱,1.5T 188马力 L4,SUV,92号
北京越野,中大型SUV,增程式,2024-08-20,5门5座SUV,25.98万,五年或15万公里,电动车单速变速箱,1.5T 188马力 L4,SUV,92号
北京越野,中大型SUV,增程式,2024-08-20,5门5座SUV,27.98万,五年或15万公里,电动车单速变速箱,1.5T 188马力 L4,SUV,92号
北京越野,中大型SUV,增程式,2024-08-20,5门7座SUV,28.58万,五年或15万公里,电动车单速变速箱,1.5T 188马力 L4,SUV,92号
北京越野,中大型SUV,增程式,2025-04-03,5门5座SUV,30.18万,五年或15万公里,电动车单速变速箱,1.5T 188马力 L4,SUV,92号
北京越野,中大型SUV,增程式,2025-04-03,5门5座SUV,30.48万,五年或15万公里,电动车单速变速箱,1.5T 188马力 L4,SUV,92号
北京越野,中大型SUV,增程式,-,5门5座SUV,-,五年或15万公里,电动车单速变速箱,1.5T 188马力 L4,SUV,92号
长安欧尚,紧凑型SUV,插电式混合动力,2023-06-01,5门5座SUV,15.58万,三年或12万公里,6挡三离合电驱变速器,1.5T 170马力 L4,SUV,92号
长安欧尚,紧凑型SUV,插电式混合动力,2023-06-01,5门5座SUV,16.58万,三年或12万公里,6挡三离合电驱变速器,1.5T 170马力 L4,SUV,92号
长安欧尚,紧凑型SUV,插电式混合动力,2023-06-01,5门5座SUV,17.58万,三年或12万公里,6挡三离合电驱变速器,1.5T 170马力 L4,SUV,92号
奔驰,中型车,汽油+48V轻混系统,2025-11-14,4门5座三厢车,30.46万,三年不限公里,9挡手自一体,2.0T 170马力 L4,三厢车,95号
奔驰,中型车,汽油+48V轻混系统,2025-11-14,4门5座三厢车,32.16万,三年不限公里,9挡手自一体,2.0T 204马力 L4,三厢车,95号
奔驰,中型车,汽油+48V轻混系统,2025-11-14,4门5座三厢车,32.46万,三年不限公里,9挡手自一体,2.0T 204马力 L4,三厢车,95号
奔驰,中型车,汽油+48V轻混系统,2025-11-14,4门5座三厢车,32.46万,三年不限公里,9挡手自一体,2.0T 204马力 L4,三厢车,95号
奔驰,中型车,汽油+48V轻混系统,2025-11-14,4门5座三厢车,34.56万,三年不限公里,9挡手自一体,2.0T 204马力 L4,三厢车,95号
丰田,中型车,油电混合,2025-07-29,4门5座三厢车,17.98万,三年或10万公里,E-CVT无级变速,2.0L 152马力 L4,三厢车,92号
丰田,中型车,油电混合,2025-07-29,4门5座三厢车,18.98万,三年或10万公里,E-CVT无级变速,2.0L 152马力 L4,三厢车,92号
丰田,中型车,油电混合,2025-07-29,4门5座三厢车,20.28万,三年或10万公里,E-CVT无级变速,2.0L 152马力 L4,三厢车,92号
丰田,中型车,油电混合,2025-07-29,4门5座三厢车,19.18万,三年或10万公里,E-CVT无级变速,2.0L 152马力 L4,三厢车,92号
丰田,中型车,油电混合,2026-01-07,4门5座三厢车,19.48万,三年或10万公里,E-CVT无级变速,2.0L 152马力 L4,三厢车,92号
丰田,中型车,油电混合,2025-07-29,4门5座三厢车,20.48万,三年或10万公里,E-CVT无级变速,2.0L 152马力 L4,三厢车,92号
丰田,中型车,油电混合,2025-07-29,4门5座三厢车,20.68万,三年或10万公里,E-CVT无级变速,2.0L 152马力 L4,三厢车,92号
丰田,中型车,油电混合,2026-04-08,4门5座三厢车,20.98万,三年或10万公里,E-CVT无级变速,2.0L 152马力 L4,三厢车,92号
丰田,中型车,油电混合,2025-07-29,4门5座三厢车,21.18万,三年或10万公里,E-CVT无级变速,2.0L 152马力 L4,三厢车,92号
丰田,中型车,汽油,2025-07-29,4门5座三厢车,17.18万,三年或10万公里,CVT无级变速(模拟10挡),2.0L 173马力 L4,三厢车,92号
丰田,中型车,汽油,2025-07-29,4门5座三厢车,18.18万,三年或10万公里,CVT无级变速(模拟10挡),2.0L 173马力 L4,三厢车,92号
丰田,中型车,汽油,2025-07-29,4门5座三厢车,19.18万,三年或10万公里,CVT无级变速(模拟10挡),2.0L 173马力 L4,三厢车,92号
丰田,中型车,汽油,2025-07-29,4门5座三厢车,19.68万,三年或10万公里,CVT无级变速(模拟10挡),2.0L 173马力 L4,三厢车,92号
丰田,中型车,油电混合,2025-07-29,4门5座三厢车,22.28万,三年或10万公里,E-CVT无级变速,2.5L 185马力 L4,三厢车,92号
丰田,中型车,油电混合,2025-07-29,4门5座三厢车,22.68万,三年或10万公里,E-CVT无级变速,2.5L 185马力 L4,三厢车,92号
丰田,中型车,油电混合,2025-07-29,4门5座三厢车,25.98万,三年或10万公里,E-CVT无级变速,2.5L 185马力 L4,三厢车,92号
丰田,中型车,油电混合,2025-07-29,4门5座三厢车,20.58万,三年或10万公里,E-CVT无级变速,2.0L 152马力 L4,三厢车,92号
丰田,中型车,油电混合,2024-12-21,4门5座三厢车,20.28万,三年或10万公里,E-CVT无级变速,2.0L 152马力 L4,三厢车,92号
丰田,中型车,油电混合,2024-12-21,4门5座三厢车,21.18万,三年或10万公里,E-CVT无级变速,2.0L 152马力 L4,三厢车,92号
丰田,中型车,油电混合,2025-04-09,4门5座三厢车,21.98万,三年或10万公里,E-CVT无级变速,2.5L 185马力 L4,三厢车,92号
丰田,中型车,油电混合,2025-04-09,4门5座三厢车,22.68万,三年或10万公里,E-CVT无级变速,2.5L 185马力 L4,三厢车,92号
宝马,中大型车,汽油+48V轻混系统,2026-02-02,4门5座三厢车,36.80万,三年或10万公里,8挡手自一体,2.0T 190马力 L4,三厢车,95号
宝马,中大型车,汽油+48V轻混系统,2026-02-02,4门5座三厢车,36.80万,三年或10万公里,8挡手自一体,2.0T 190马力 L4,三厢车,95号
宝马,中大型车,汽油+48V轻混系统,2026-02-02,4门5座三厢车,40.80万,三年或10万公里,8挡手自一体,2.0T 258马力 L4,三厢车,95号
宝马,中大型车,汽油+48V轻混系统,2026-02-02,4门5座三厢车,40.80万,三年或10万公里,8挡手自一体,2.0T 258马力 L4,三厢车,95号
宝马,中大型车,汽油+48V轻混系统,2026-03-03,4门5座三厢车,41.80万,三年或10万公里,8挡手自一体,2.0T 258马力 L4,三厢车,95号
宝马,中大型车,汽油+48V轻混系统,2026-02-02,4门5座三厢车,42.80万,三年或10万公里,8挡手自一体,2.0T 258马力 L4,三厢车,95号
宝马,中大型车,汽油+48V轻混系统,2026-02-02,4门5座三厢车,44.80万,三年或10万公里,8挡手自一体,2.0T 258马力 L4,三厢车,95号
宝马,中大型车,汽油+48V轻混系统,2026-02-02,4门5座三厢车,44.80万,三年或10万公里,8挡手自一体,2.0T 258马力 L4,三厢车,95号
奇瑞,紧凑型SUV,汽油,2026-04-08,5门5座SUV,7.99万,三年或10万公里,CVT无级变速(模拟9挡),1.5T 156马力 L4,SUV,92号
奇瑞,紧凑型SUV,汽油,2026-04-08,5门5座SUV,8.49万,三年或10万公里,CVT无级变速(模拟9挡),1.5T 156马力 L4,SUV,92号
奇瑞,紧凑型SUV,汽油,2026-04-08,5门5座SUV,9.19万,三年或10万公里,CVT无级变速(模拟9挡),1.5T 156马力 L4,SUV,92号
奇瑞,紧凑型SUV,汽油,2025-06-17,5门5座SUV,8.79万,三年或10万公里,6挡湿式双离合,1.5T 156马力 L4,SUV,92号
奇瑞,紧凑型SUV,汽油,2025-06-17,5门5座SUV,9.79万,三年或10万公里,6挡湿式双离合,1.5T 156马力 L4,SUV,92号
奇瑞,紧凑型SUV,汽油,2025-03-05,5门5座SUV,7.49万,三年或10万公里,6挡手动,1.5T 156马力 L4,SUV,92号
奇瑞,紧凑型SUV,汽油,2025-03-05,5门5座SUV,8.99万,三年或10万公里,CVT无级变速(模拟9挡),1.5T 156马力 L4,SUV,92号
奇瑞,紧凑型SUV,汽油,2025-03-05,5门5座SUV,9.69万,三年或10万公里,CVT无级变速(模拟9挡),1.5T 156马力 L4,SUV,92号
奇瑞,紧凑型SUV,汽油,2025-05-16,5门5座SUV,9.39万,三年或10万公里,CVT无级变速(模拟9挡),1.5T 156马力 L4,SUV,92号
长安,紧凑型SUV,插电式混合动力,2026-02-28,5门5座SUV,11.89万,三年或12万公里,E-CVT无级变速,1.5L 98马力 L4,SUV,92号
长安,紧凑型SUV,插电式混合动力,2026-02-28,5门5座SUV,12.89万,三年或12万公里,E-CVT无级变速,1.5L 98马力 L4,SUV,92号
长安,紧凑型SUV,插电式混合动力,2026-02-28,5门5座SUV,13.59万,三年或12万公里,E-CVT无级变速,1.5L 98马力 L4,SUV,92号
长安,紧凑型SUV,插电式混合动力,2025-05-28,5门5座SUV,12.69万,三年或12万公里,E-CVT无级变速,1.5L 98马力 L4,SUV,92号
长安,紧凑型SUV,插电式混合动力,2025-05-28,5门5座SUV,13.39万,三年或12万公里,E-CVT无级变速,1.5L 98马力 L4,SUV,92号
长安,紧凑型SUV,插电式混合动力,2025-02-10,5门5座SUV,12.49万,三年或12万公里,E-CVT无级变速,1.5L 98马力 L4,SUV,92号
长安,紧凑型SUV,插电式混合动力,2024-03-28,5门5座SUV,11.79万,三年或12万公里,E-CVT无级变速,1.5L 98马力 L4,SUV,92号
长安,紧凑型SUV,插电式混合动力,2024-03-28,5门5座SUV,13.19万,三年或12万公里,E-CVT无级变速,1.5L 98马力 L4,SUV,92号
坦克,中大型SUV,柴油,2025-11-06,5门5座SUV,26.48万,五年或15万公里,9挡手自一体,2.4T 186马力 L4,SUV,0号
坦克,中大型SUV,汽油+48V轻混系统,2025-11-06,5门5座SUV,24.98万,五年或15万公里,9挡手自一体,2.0T 252马力 L4,SUV,92号
坦克,中大型SUV,汽油+48V轻混系统,2025-12-04,5门5座SUV,27.98万,五年或15万公里,9挡手自一体,2.0T 252马力 L4,SUV,92号
坦克,中大型SUV,汽油+48V轻混系统,2025-02-22,5门5座SUV,24.98万,五年或15万公里,9挡手自一体,2.0T 252马力 L4,SUV,92号
坦克,中大型SUV,柴油,2025-02-22,5门5座SUV,26.48万,五年或15万公里,9挡手自一体,2.4T 186马力 L4,SUV,0号
坦克,中大型SUV,汽油+48V轻混系统,2025-02-24,5门5座SUV,27.98万,五年或15万公里,9挡手自一体,2.0T 252马力 L4,SUV,92号
大众,紧凑型SUV,纯电动,2025-08-26,5门5座SUV,14.99万,三年或10万公里,,,SUV,
大众,紧凑型SUV,纯电动,2025-08-26,5门5座SUV,18.59万,三年或10万公里,,,SUV,
大众,紧凑型SUV,纯电动,2025-08-26,5门5座SUV,20.76万,三年或10万公里,,,SUV,
名爵,紧凑型车,纯电动,2025-08-29,5门5座两厢车,6.88万,六年或15万公里,,,两厢车,
名爵,紧凑型车,纯电动,2025-08-29,5门5座两厢车,7.68万,六年或15万公里,,,两厢车,
名爵,紧凑型车,纯电动,2025-08-29,5门5座两厢车,8.38万,六年或15万公里,,,两厢车,
名爵,紧凑型车,纯电动,2025-08-29,5门5座两厢车,9.68万,六年或15万公里,,,两厢车,
名爵,紧凑型车,纯电动,2025-08-29,5门5座两厢车,10.28万,六年或15万公里,,,两厢车,
名爵,紧凑型车,纯电动,-,5门5座两厢车,-,六年或15万公里,,,两厢车,
名爵,紧凑型车,纯电动,-,5门5座两厢车,-,六年或15万公里,,,两厢车,
名爵,紧凑型车,纯电动,-,5门5座两厢车,-,六年或15万公里,,,两厢车,
名爵,紧凑型车,纯电动,-,5门5座两厢车,-,六年或15万公里,,,两厢车,
名爵,紧凑型车,纯电动,-,5门5座两厢车,-,六年或15万公里,,,两厢车,
名爵,紧凑型车,纯电动,-,5门5座两厢车,-,六年或15万公里,,,两厢车,
坦克,中大型SUV,插电式混合动力,2025-11-06,5门5座SUV,28.58万,五年或15万公里,9挡手自一体,2.0T 252马力 L4,SUV,92号
坦克,中大型SUV,插电式混合动力,2025-11-06,5门5座SUV,29.98万,五年或15万公里,9挡手自一体,2.0T 252马力 L4,SUV,92号
坦克,中大型SUV,插电式混合动力,2025-11-06,5门5座SUV,31.98万,五年或15万公里,3挡DHT,2.0T 252马力 L4,SUV,92号
坦克,中大型SUV,插电式混合动力,2024-03-22,5门5座SUV,28.58万,五年或15万公里,9挡手自一体,2.0T 252马力 L4,SUV,92号
坦克,中大型SUV,插电式混合动力,2024-03-22,5门5座SUV,28.98万,五年或15万公里,9挡手自一体,2.0T 252马力 L4,SUV,92号
五菱汽车,紧凑型MPV,油电混合,2023-02-27,5门6座MPV,12.98万,三年或10万公里,1挡DHT,2.0L 136马力 L4,MPV,92号
五菱汽车,紧凑型MPV,油电混合,2023-02-27,5门6座MPV,13.98万,三年或10万公里,1挡DHT,2.0L 136马力 L4,MPV,92号
五菱汽车,紧凑型MPV,油电混合,2023-02-27,5门6座MPV,14.98万,三年或10万公里,1挡DHT,2.0L 136马力 L4,MPV,92号
五菱汽车,紧凑型MPV,汽油,2023-11-28,5门6座MPV,10.98万,三年或10万公里,CVT无级变速(模拟8挡),1.5T 177马力 L4,MPV,92号
五菱汽车,紧凑型MPV,汽油,2023-11-28,5门6座MPV,11.98万,三年或10万公里,CVT无级变速(模拟8挡),1.5T 177马力 L4,MPV,92号
五菱汽车,紧凑型MPV,汽油,2022-09-19,5门6座MPV,8.58万,三年或10万公里,6挡手动,1.5T 147马力 L4,MPV,92号
五菱汽车,紧凑型MPV,汽油,2022-09-19,5门6座MPV,9.58万,三年或10万公里,CVT无级变速(模拟8挡),1.5T 147马力 L4,MPV,92号
五菱汽车,紧凑型MPV,汽油,2022-09-19,5门6座MPV,10.68万,三年或10万公里,CVT无级变速(模拟8挡),1.5T 147马力 L4,MPV,92号
五菱汽车,紧凑型MPV,汽油,2022-09-19,5门6座MPV,11.68万,三年或10万公里,CVT无级变速(模拟8挡),1.5T 147马力 L4,MPV,92号
五菱汽车,紧凑型MPV,汽油,2022-09-19,5门6座MPV,12.58万,三年或10万公里,CVT无级变速(模拟8挡),1.5T 177马力 L4,MPV,92号
五菱汽车,紧凑型MPV,汽油,2022-09-19,5门6座MPV,11.58万,三年或10万公里,CVT无级变速(模拟8挡),1.5T 177马力 L4,MPV,92号
零跑汽车,中大型SUV,增程式,2025-06-18,5门6座SUV,15.18万,四年或12万公里,电动车单速变速箱,增程器 95马力,SUV,92号
零跑汽车,中大型SUV,增程式,2025-06-18,5门6座SUV,16.18万,四年或12万公里,电动车单速变速箱,增程器 95马力,SUV,92号
零跑汽车,中大型SUV,增程式,2025-06-18,5门6座SUV,17.18万,四年或12万公里,电动车单速变速箱,增程器 95马力,SUV,92号
零跑汽车,中大型SUV,增程式,-,5门5座SUV,16.88万,四年或12万公里,电动车单速变速箱,增程器 95马力,SUV,92号
零跑汽车,中大型SUV,纯电动,2025-06-18,5门6座SUV,16.18万,四年或12万公里,电动车单速变速箱,-,SUV,-
零跑汽车,中大型SUV,纯电动,2025-06-18,5门6座SUV,17.18万,四年或12万公里,电动车单速变速箱,-,SUV,-
零跑汽车,中大型SUV,纯电动,2025-06-18,5门6座SUV,18.18万,四年或12万公里,电动车单速变速箱,-,SUV,-
零跑汽车,中大型SUV,纯电动,2025-06-18,5门5座SUV,17.88万,四年或12万公里,电动车单速变速箱,-,SUV,-
零跑汽车,中大型SUV,增程式,2024-06-28,5门6座SUV,15.58万,四年或12万公里,电动车单速变速箱,1.5L 95马力 L4,SUV,92号
零跑汽车,中大型SUV,增程式,2024-06-28,5门6座SUV,16.28万,四年或12万公里,电动车单速变速箱,1.5L 95马力 L4,SUV,92号
零跑汽车,中大型SUV,增程式,2024-06-28,5门6座SUV,17.98万,四年或12万公里,电动车单速变速箱,1.5L 95马力 L4,SUV,92号
零跑汽车,中大型SUV,纯电动,2024-06-28,5门6座SUV,16.18万,四年或12万公里,电动车单速变速箱,-,SUV,-
零跑汽车,中大型SUV,纯电动,2024-06-28,5门6座SUV,16.88万,四年或12万公里,电动车单速变速箱,-,SUV,-
零跑汽车,中大型SUV,纯电动,2024-06-28,5门6座SUV,18.58万,四年或12万公里,电动车单速变速箱,-,SUV,-
零跑汽车,中大型SUV,纯电动,2025-01-06,5门6座SUV,17.28万,四年或12万公里,电动车单速变速箱,-,SUV,-
零跑汽车,中大型SUV,纯电动,2025-01-06,5门6座SUV,18.98万,四年或12万公里,电动车单速变速箱,-,SUV,-
零跑汽车,中大型SUV,增程式,-,5门6座SUV,-,四年或12万公里,电动车单速变速箱,增程器 95马力,SUV,92号
英菲尼迪,中大型SUV,汽油,2023-11-01,5门7座SUV,37.88万,四年或10万公里,9挡手自一体,2.0T 252马力 L4,SUV,95号
英菲尼迪,中大型SUV,汽油,2023-11-01,5门7座SUV,38.88万,四年或10万公里,9挡手自一体,2.0T 252马力 L4,SUV,95号
英菲尼迪,中大型SUV,汽油,2023-11-01,5门7座SUV,42.88万,四年或10万公里,9挡手自一体,2.0T 252马力 L4,SUV,95号
英菲尼迪,中大型SUV,汽油,2023-11-01,5门6座SUV,44.88万,四年或10万公里,9挡手自一体,2.0T 252马力 L4,SUV,95号
英菲尼迪,中大型SUV,汽油,2023-11-01,5门6座SUV,47.88万,四年或10万公里,9挡手自一体,2.0T 252马力 L4,SUV,95号
英菲尼迪,中大型SUV,汽油,2023-11-01,5门6座SUV,51.88万,四年或10万公里,9挡手自一体,2.0T 252马力 L4,SUV,95号
本田,中型车,插电式混合动力,2025-03-20,4门5座三厢车,23.88万,三年或10万公里,E-CVT无级变速,2.0L 148马力 L4,三厢车,92号
极氪,中大型车,纯电动,2025-10-11,5门5座掀背车,26.98万,四年或10万公里,,,掀背车,
极氪,中大型车,纯电动,2025-10-11,5门5座掀背车,26.98万,四年或10万公里,,,掀背车,
极氪,中大型车,纯电动,2025-10-11,5门5座掀背车,29.98万,四年或10万公里,,,掀背车,
极氪,中大型车,纯电动,2025-10-11,5门5座掀背车,32.98万,四年或10万公里,,,掀背车,
极氪,中大型车,纯电动,2026-04-10,5门5座掀背车,36.50万,四年或10万公里,,,掀背车,
长安,紧凑型SUV,汽油,2025-10-23,5门5座SUV,10.89万,三年或10万公里,8挡自动,1.5T 192马力 L4,SUV,92号
长安,紧凑型SUV,汽油,2025-10-23,5门5座SUV,11.69万,三年或10万公里,8挡自动,1.5T 192马力 L4,SUV,92号
长安,紧凑型SUV,汽油,2025-05-10,5门5座SUV,12.19万,三年或10万公里,8挡手自一体,1.5T 188马力 L4,SUV,92号
长安,紧凑型SUV,汽油,2025-05-10,5门5座SUV,12.99万,三年或10万公里,8挡手自一体,1.5T 188马力 L4,SUV,92号
长安,紧凑型SUV,汽油,2025-03-01,5门5座SUV,11.39万,三年或10万公里,8挡自动,1.5T 192马力 L4,SUV,92号
长安,紧凑型SUV,汽油,2025-07-17,5门5座SUV,11.59万,三年或10万公里,8挡自动,1.5T 192马力 L4,SUV,92号
长安,紧凑型SUV,汽油,2024-09-24,5门5座SUV,12.19万,三年或10万公里,8挡自动,1.5T 192马力 L4,SUV,92号
长安,紧凑型SUV,汽油,2024-09-24,5门5座SUV,12.99万,三年或10万公里,8挡自动,1.5T 192马力 L4,SUV,92号
长安,紧凑型SUV,汽油,2025-04-18,5门5座SUV,13.19万,三年或10万公里,8挡自动,2.0T 233马力 L4,SUV,92号
长安,紧凑型SUV,汽油,2025-04-18,5门5座SUV,13.99万,三年或10万公里,8挡自动,2.0T 233马力 L4,SUV,92号
长安,紧凑型SUV,油电混合,-,5门5座SUV,-,三年或10万公里,1挡DHT,1.5T 150马力 L4,SUV,92号
本田,紧凑型SUV,插电式混合动力,2024-10-16,5门5座SUV,22.59万,三年或10万公里,E-CVT无级变速,2.0L 150马力 L4,SUV,92号
本田,紧凑型SUV,插电式混合动力,2024-10-16,5门5座SUV,24.89万,三年或10万公里,E-CVT无级变速,2.0L 150马力 L4,SUV,92号
本田,紧凑型SUV,插电式混合动力,2024-10-16,5门5座SUV,26.99万,三年或10万公里,E-CVT无级变速,2.0L 150马力 L4,SUV,92号
捷达,紧凑型SUV,汽油,2025-10-15,5门5座SUV,8.79万,三年或10万公里,5挡手动,1.4T 150马力 L4,SUV,95号
捷达,紧凑型SUV,汽油,2025-10-15,5门5座SUV,9.79万,三年或10万公里,5挡手动,1.4T 150马力 L4,SUV,95号
捷达,紧凑型SUV,汽油,2025-10-15,5门5座SUV,9.89万,三年或10万公里,6挡手自一体,1.4T 150马力 L4,SUV,95号
捷达,紧凑型SUV,汽油,2025-10-15,5门5座SUV,10.89万,三年或10万公里,6挡手自一体,1.4T 150马力 L4,SUV,95号
捷达,紧凑型SUV,汽油,2025-10-15,5门5座SUV,9.59万,三年或10万公里,5挡手动,1.4T 150马力 L4,SUV,95号
捷达,紧凑型SUV,汽油,2025-10-15,5门5座SUV,10.69万,三年或10万公里,6挡手自一体,1.4T 150马力 L4,SUV,95号
捷达,紧凑型SUV,汽油,2025-10-15,5门5座SUV,10.89万,三年或10万公里,6挡手自一体,1.4T 150马力 L4,SUV,95号
捷达,紧凑型SUV,汽油,2025-10-15,5门5座SUV,11.29万,三年或10万公里,6挡手自一体,1.4T 150马力 L4,SUV,95号
捷达,紧凑型SUV,汽油,2025-10-15,5门5座SUV,12.19万,三年或10万公里,6挡手自一体,1.4T 150马力 L4,SUV,95号
捷达,紧凑型SUV,汽油,2025-04-17,5门5座SUV,9.79万,三年或10万公里,5挡手动,1.4T 150马力 L4,SUV,95号
捷达,紧凑型SUV,汽油,2025-04-17,5门5座SUV,10.89万,三年或10万公里,6挡手自一体,1.4T 150马力 L4,SUV,95号
捷达,紧凑型SUV,汽油,2024-04-25,5门5座SUV,8.79万,三年或10万公里,5挡手动,1.4T 150马力 L4,SUV,95号
捷达,紧凑型SUV,汽油,2024-04-25,5门5座SUV,9.89万,三年或10万公里,6挡手自一体,1.4T 150马力 L4,SUV,95号
捷达,紧凑型SUV,汽油,2024-04-25,5门5座SUV,9.59万,三年或10万公里,5挡手动,1.4T 150马力 L4,SUV,95号
捷达,紧凑型SUV,汽油,2024-04-25,5门5座SUV,10.69万,三年或10万公里,6挡手自一体,1.4T 150马力 L4,SUV,95号
捷达,紧凑型SUV,汽油,2024-04-25,5门5座SUV,10.89万,三年或10万公里,6挡手自一体,1.4T 150马力 L4,SUV,95号
捷达,紧凑型SUV,汽油,2024-04-25,5门5座SUV,11.29万,三年或10万公里,6挡手自一体,1.4T 150马力 L4,SUV,95号
捷达,紧凑型SUV,汽油,2024-04-25,5门5座SUV,12.19万,三年或10万公里,6挡手自一体,1.4T 150马力 L4,SUV,95号
魏牌,中大型MPV,插电式混合动力,2025-10-15,5门7座MPV,28.58万,六年或15万公里,4挡DHT,1.5T 170马力 L4,MPV,92号
魏牌,中大型MPV,插电式混合动力,2025-05-13,5门7座MPV,30.98万,六年或15万公里,4挡DHT,1.5T 170马力 L4,MPV,92号
魏牌,中大型MPV,插电式混合动力,2025-05-13,5门6座MPV,35.38万,六年或15万公里,4挡DHT,1.5T 170马力 L4,MPV,92号
魏牌,中大型MPV,插电式混合动力,2025-09-10,5门6座MPV,34.98万,六年或15万公里,4挡DHT,1.5T 170马力 L4,MPV,92号
smart,紧凑型SUV,纯电动,2025-07-11,5门5座SUV跨界车,16.49万,四年或15万公里,,,SUV跨界车,
smart,紧凑型SUV,纯电动,2025-07-11,5门5座SUV跨界车,18.49万,四年或15万公里,,,SUV跨界车,
smart,紧凑型SUV,纯电动,2026-01-24,5门5座SUV跨界车,18.99万,四年或15万公里,,,SUV跨界车,
smart,紧凑型SUV,纯电动,2025-07-11,5门5座SUV跨界车,20.99万,四年或15万公里,,,SUV跨界车,
smart,紧凑型SUV,纯电动,2025-07-11,5门5座SUV跨界车,25.99万,四年或15万公里,,,SUV跨界车,
iCAR,紧凑型SUV,纯电动,2025-09-21,5门5座SUV,12.28万,五年或12万公里,,,SUV,
iCAR,紧凑型SUV,纯电动,2025-09-21,5门5座SUV,13.88万,五年或12万公里,,,SUV,
iCAR,紧凑型SUV,纯电动,2025-09-21,5门5座SUV,15.88万,五年或12万公里,,,SUV,
iCAR,紧凑型SUV,纯电动,2025-09-21,5门5座SUV,15.48万,五年或12万公里,,,SUV,
iCAR,紧凑型SUV,纯电动,2025-09-21,5门5座SUV,17.48万,五年或12万公里,,,SUV,
iCAR,紧凑型SUV,纯电动,2024-12-16,5门5座SUV,10.98万,五年或12万公里,,,SUV,
iCAR,紧凑型SUV,纯电动,2025-01-06,5门5座SUV,11.98万,五年或12万公里,,,SUV,
iCAR,紧凑型SUV,纯电动,2025-12-30,5门5座SUV,13.98万,五年或12万公里,,,SUV,
小鹏,中大型车,纯电动,2026-03-18,5门5座掀背车,20.38万,五年或12万公里,,,掀背车,
小鹏,中大型车,纯电动,2026-03-18,5门5座掀背车,22.38万,五年或12万公里,,,掀背车,
小鹏,中大型车,纯电动,2026-03-18,5门5座掀背车,24.38万,五年或12万公里,,,掀背车,
小鹏,中大型车,纯电动,2025-08-27,5门5座掀背车,30.18万,五年或12万公里,,,掀背车,
东风风神,紧凑型车,汽油,-,4门5座三厢车,7.79万,三年或10万公里,6挡湿式双离合,1.5L 125马力 L4,三厢车,92号
东风风神,紧凑型车,汽油,-,4门5座三厢车,8.59万,三年或10万公里,6挡湿式双离合,1.5L 125马力 L4,三厢车,92号
东风风神,紧凑型车,汽油,2026-03-11,4门5座三厢车,8.39万,三年或10万公里,6挡湿式双离合,1.5L 125马力 L4,三厢车,92号
东风风神,紧凑型车,汽油,2025-05-22,4门5座三厢车,9.39万,三年或10万公里,6挡湿式双离合,1.5L 125马力 L4,三厢车,92号
东风风神,紧凑型车,汽油,2025-02-21,4门5座三厢车,10.68万,三年或10万公里,6挡湿式双离合,1.5L 125马力 L4,三厢车,92号
东风风神,紧凑型车,汽油,2025-08-23,4门5座三厢车,11.18万,三年或10万公里,6挡湿式双离合,1.5L 125马力 L4,三厢车,92号
东风风神,紧凑型车,汽油,2025-09-15,4门5座三厢车,10.68万,三年或10万公里,6挡湿式双离合,1.5T 197马力 L4,三厢车,92号
东风风神,紧凑型车,汽油,2025-05-14,4门5座三厢车,7.79万,三年或10万公里,6挡湿式双离合,1.5L 125马力 L4,三厢车,92号
东风风神,紧凑型车,汽油,2025-05-14,4门5座三厢车,8.59万,三年或10万公里,6挡湿式双离合,1.5L 125马力 L4,三厢车,92号
东风风神,紧凑型车,汽油,2024-01-19,4门5座三厢车,7.79万,三年或10万公里,6挡湿式双离合,1.5L 125马力 L4,三厢车,92号
东风风神,紧凑型车,汽油,2024-06-18,4门5座三厢车,8.29万,一年或10万公里,5挡手动,1.5L 125马力 L4,三厢车,92号
东风风神,紧凑型车,汽油,2024-06-18,4门5座三厢车,8.69万,一年或10万公里,6挡湿式双离合,1.5L 125马力 L4,三厢车,92号
东风风神,紧凑型车,汽油,2024-01-19,4门5座三厢车,8.79万,三年或10万公里,6挡湿式双离合,1.5T 197马力 L4,三厢车,92号
东风风神,紧凑型车,汽油,2022-08-26,4门5座三厢车,6.49万,三年或10万公里,5挡手动,1.5L 125马力 L4,三厢车,92号
雪佛兰,中型SUV,汽油,2023-05-08,5门5座SUV,18.49万,三年或10万公里,6挡手自一体,1.5T 169马力 L4,SUV,92号
雪佛兰,中型SUV,汽油,2023-05-08,5门5座SUV,19.49万,三年或10万公里,6挡手自一体,1.5T 169马力 L4,SUV,92号
雪佛兰,中型SUV,汽油+48V轻混系统,2023-05-08,5门5座SUV,21.99万,三年或10万公里,9挡手自一体,2.0T 237马力 L4,SUV,95号
雪佛兰,中型SUV,汽油+48V轻混系统,2023-05-08,5门5座SUV,22.99万,三年或10万公里,9挡手自一体,2.0T 237马力 L4,SUV,95号
雪佛兰,中型SUV,汽油+48V轻混系统,2023-05-08,5门5座SUV,23.99万,三年或10万公里,9挡手自一体,2.0T 237马力 L4,SUV,95号
